sample_ID,tissue_type,patient,patient1,CNA_number,smooth_CNA_number,ploidy
HRR226272,T,HRI101509,P01,61,61,1.81
HRR226273,T,HRI101509,P01,93,77,1.83
HRR226274,T,HRI101509,P01,33,25,2
HRR226275,T,HRI101509,P01,74,51,1.81
HRR226276,T,HRI101509,P01,24,23,2
HRR226277,T,HRI101509,P01,40,26,2
HRR226278,T,HRI101509,P01,34,22,2
HRR226279,T,HRI101509,P01,34,28,2
HRR226280,T,HRI101509,P01,27,24,2
HRR226281,T,HRI101509,P01,36,27,2
HRR226282,T,HRI101509,P01,37,26,2
HRR226283,T,HRI101509,P01,27,22,2
HRR226284,T,HRI101509,P01,29,26,2
HRR226285,T,HRI101509,P01,28,22,2
HRR226286,T,HRI101509,P01,24,22,2
HRR226287,T,HRI101509,P01,30,25,2
HRR226288,T,HRI101509,P01,27,23,2
HRR226289,T,HRI101509,P01,27,22,2
HRR226290,T,HRI101509,P01,28,26,2
HRR226291,T,HRI101509,P01,27,23,2
HRR226292,T,HRI101509,P01,112,82,1.86
HRR226293,T,HRI101509,P01,28,26,2
HRR226294,T,HRI101509,P01,28,25,2
HRR226295,T,HRI101509,P01,27,25,2
HRR226296,T,HRI101509,P01,26,22,2
HRR226297,T,HRI101509,P01,31,24,2
HRR226298,T,HRI101509,P01,36,24,2
HRR226299,T,HRI101509,P01,29,23,2
HRR226300,T,HRI101509,P01,307,123,2.18
HRR226301,T,HRI101509,P01,126,86,1.79
HRR226302,T,HRI101509,P01,256,127,2.16
HRR226303,T,HRI101509,P01,136,85,1.9
HRR226304,T,HRI101509,P01,28,24,2
HRR226305,T,HRI101509,P01,47,25,2
HRR226306,T,HRI101509,P01,158,91,1.84
HRR226307,T,HRI101509,P01,34,26,2.01
HRR226308,T,HRI101509,P01,117,71,1.88
HRR226309,N,HRI101509,P01,32,26,2
HRR226310,T,HRI101509,P01,40,23,2
HRR226311,T,HRI101509,P01,49,25,2
HRR226312,T,HRI101509,P01,52,26,2
HRR226313,T,HRI101509,P01,63,27,2
HRR226314,T,HRI101509,P01,35,25,2
HRR226315,T,HRI101509,P01,34,22,2
HRR226316,T,HRI101509,P01,35,25,2
HRR226317,T,HRI101509,P01,37,23,2
HRR226318,T,HRI101509,P01,49,25,2
HRR226319,T,HRI101509,P01,33,25,2
HRR226320,T,HRI101509,P01,116,79,1.88
HRR226321,T,HRI101509,P01,117,73,1.83
HRR226322,T,HRI101509,P01,135,59,1.85
HRR226323,T,HRI101509,P01,45,29,2
HRR226324,T,HRI101509,P01,120,79,1.82
HRR226325,T,HRI101509,P01,249,139,2.15
HRR226326,T,HRI101509,P01,122,79,1.82
HRR226327,T,HRI101509,P01,117,101,1.86
HRR226328,T,HRI101509,P01,129,77,1.82
HRR226329,T,HRI101509,P01,115,81,1.89
HRR226330,N,HRI101509,P01,33,23,2
HRR226331,N,HRI101509,P01,31,23,2
HRR226332,N,HRI101509,P01,48,32,2.01
HRR226333,N,HRI101509,P01,28,22,2
HRR226334,N,HRI101509,P01,38,27,2
HRR226335,N,HRI101509,P01,51,30,2.01
HRR226336,N,HRI101509,P01,37,23,2
HRR226337,N,HRI101509,P01,41,22,2
HRR226338,T,HRI101510,P02,33,26,2
HRR226339,T,HRI101510,P02,97,45,2.18
HRR226340,T,HRI101510,P02,24,22,2
HRR226341,T,HRI101510,P02,191,57,2.34
HRR226342,T,HRI101510,P02,211,61,2.34
HRR226343,T,HRI101510,P02,107,46,2.19
HRR226344,T,HRI101510,P02,146,54,2.15
HRR226345,T,HRI101510,P02,26,22,2
HRR226346,T,HRI101510,P02,143,50,2.13
HRR226347,T,HRI101510,P02,26,22,2
HRR226348,T,HRI101510,P02,24,22,2
HRR226349,T,HRI101510,P02,24,22,2
HRR226350,T,HRI101510,P02,106,40,2.12
HRR226351,T,HRI101510,P02,31,23,2
HRR226352,T,HRI101510,P02,196,58,2.28
HRR226353,T,HRI101510,P02,26,22,2
HRR226354,T,HRI101510,P02,31,23,2
HRR226355,T,HRI101510,P02,30,22,2
HRR226356,T,HRI101510,P02,26,22,2
HRR226357,T,HRI101510,P02,36,22,2
HRR226358,T,HRI101510,P02,24,22,2
HRR226359,N,HRI101510,P02,24,22,2
HRR226360,T,HRI101510,P02,30,22,2
HRR226361,T,HRI101510,P02,24,22,2
HRR226362,T,HRI101510,P02,31,23,2
HRR226363,T,HRI101510,P02,35,22,2
HRR226364,T,HRI101510,P02,27,23,2
HRR226365,T,HRI101510,P02,26,23,2
HRR226366,T,HRI101510,P02,32,23,2
HRR226367,T,HRI101510,P02,34,23,2
HRR226368,T,HRI101510,P02,31,22,2
HRR226369,T,HRI101510,P02,29,23,2
HRR226370,T,HRI101510,P02,22,22,2
HRR226371,T,HRI101510,P02,31,23,2
HRR226372,T,HRI101510,P02,175,62,2.27
HRR226373,T,HRI101510,P02,160,55,2.23
HRR226374,T,HRI101510,P02,130,52,2.14
HRR226375,T,HRI101510,P02,237,81,2.28
HRR226376,N,HRI101510,P02,29,22,2
HRR226377,T,HRI101510,P02,167,55,2.23
HRR226378,T,HRI101510,P02,126,47,2.19
HRR226379,T,HRI101510,P02,206,76,2.25
HRR226380,N,HRI101510,P02,22,22,2
HRR226381,N,HRI101510,P02,26,23,2
HRR226382,N,HRI101510,P02,34,23,2
HRR226383,N,HRI101510,P02,31,23,2
HRR226384,N,HRI101510,P02,26,23,2
HRR226385,N,HRI101510,P02,24,22,2
HRR226386,N,HRI101510,P02,22,22,2
HRR226387,N,HRI101510,P02,26,22,2
HRR226388,T,HRI101511,P03,30,22,2
HRR226389,T,HRI101511,P03,22,22,2
HRR226390,T,HRI101511,P03,38,22,2
HRR226391,T,HRI101511,P03,22,22,2
HRR226392,T,HRI101511,P03,24,22,2
HRR226393,T,HRI101511,P03,27,22,2
HRR226394,T,HRI101511,P03,25,22,2
HRR226395,T,HRI101511,P03,29,22,2
HRR226396,T,HRI101511,P03,25,22,2
HRR226397,T,HRI101511,P03,24,22,2
HRR226398,T,HRI101511,P03,24,24,2
HRR226399,T,HRI101511,P03,24,22,2
HRR226400,T,HRI101511,P03,24,22,2
HRR226401,T,HRI101511,P03,24,24,2
HRR226402,T,HRI101511,P03,22,22,2
HRR226403,T,HRI101511,P03,24,22,2
HRR226404,T,HRI101511,P03,24,22,2
HRR226405,T,HRI101511,P03,24,22,2
HRR226406,T,HRI101511,P03,22,22,2
HRR226407,T,HRI101511,P03,22,22,2
HRR226408,T,HRI101511,P03,28,22,2
HRR226409,T,HRI101511,P03,96,54,2.04
HRR226410,T,HRI101511,P03,24,22,2
HRR226411,T,HRI101511,P03,24,22,2
HRR226412,T,HRI101511,P03,23,22,2
HRR226413,T,HRI101511,P03,30,22,2
HRR226414,T,HRI101511,P03,28,22,2
HRR226415,T,HRI101511,P03,35,22,2
HRR226416,T,HRI101511,P03,30,22,2
HRR226417,T,HRI101511,P03,24,22,2
HRR226418,T,HRI101511,P03,24,22,2
HRR226419,T,HRI101511,P03,26,22,2
HRR226420,T,HRI101511,P03,24,24,2
HRR226421,T,HRI101511,P03,22,22,2
HRR226422,T,HRI101511,P03,22,22,2
HRR226423,T,HRI101511,P03,24,22,2
HRR226424,T,HRI101511,P03,24,22,2
HRR226425,T,HRI101511,P03,27,22,2
HRR226426,T,HRI101511,P03,22,22,2
HRR226427,T,HRI101511,P03,23,22,2
HRR226428,T,HRI101511,P03,127,71,1.89
HRR226429,T,HRI101511,P03,102,77,1.85
HRR226430,T,HRI101511,P03,97,63,1.86
HRR226431,T,HRI101511,P03,121,63,1.85
HRR226432,T,HRI101511,P03,85,72,1.85
HRR226433,T,HRI101511,P03,102,63,1.86
HRR226434,T,HRI101511,P03,68,66,1.88
HRR226435,T,HRI101511,P03,120,69,1.86
HRR226436,T,HRI101511,P03,100,65,1.85
HRR226437,T,HRI101511,P03,72,64,1.88
HRR226438,T,HRI101511,P03,146,61,1.96
HRR226439,T,HRI101511,P03,66,55,1.8
HRR226440,T,HRI101511,P03,114,69,1.84
HRR226441,T,HRI101511,P03,188,106,1.98
HRR226442,T,HRI101511,P03,97,68,1.86
HRR226443,T,HRI101511,P03,125,68,1.84
HRR226444,T,HRI101511,P03,115,59,1.8
HRR226445,T,HRI101511,P03,130,67,1.82
HRR226446,T,HRI101511,P03,69,60,1.87
HRR226447,T,HRI101511,P03,153,113,1.9
HRR226448,T,HRI101511,P03,119,55,1.81
HRR226449,T,HRI101511,P03,130,70,1.86
HRR226450,T,HRI101511,P03,81,59,1.79
HRR226451,T,HRI101511,P03,111,72,1.85
HRR226452,T,HRI101511,P03,113,69,1.84
HRR226453,T,HRI101511,P03,75,54,1.88
HRR226454,T,HRI101511,P03,159,84,1.93
HRR226455,T,HRI101511,P03,111,69,1.87
HRR226456,T,HRI101511,P03,86,67,1.82
HRR226457,T,HRI101511,P03,67,55,1.87
HRR226458,T,HRI101511,P03,124,68,1.92
HRR226459,T,HRI101511,P03,86,74,1.83
HRR226460,T,HRI101511,P03,99,63,1.85
HRR226461,T,HRI101511,P03,124,75,1.86
HRR226462,T,HRI101511,P03,128,58,1.96
HRR226463,T,HRI101511,P03,108,74,1.84
HRR226464,T,HRI101511,P03,109,70,1.91
HRR226465,T,HRI101511,P03,84,67,1.89
HRR226466,T,HRI101511,P03,96,65,1.83
HRR226467,T,HRI101511,P03,150,72,1.98
HRR226468,N,HRI101511,P03,22,22,2
HRR226469,N,HRI101511,P03,24,22,2
HRR226470,N,HRI101511,P03,22,22,2
HRR226471,T,HRI101512,P04,33,22,2
HRR226472,T,HRI101512,P04,102,101,2.1
HRR226473,T,HRI101512,P04,28,24,2
HRR226474,T,HRI101512,P04,29,22,2
HRR226475,T,HRI101512,P04,28,24,2
HRR226476,T,HRI101512,P04,100,107,2.01
HRR226477,T,HRI101512,P04,96,97,2.03
HRR226478,T,HRI101512,P04,101,45,1.95
HRR226479,T,HRI101512,P04,135,107,2.13
HRR226480,T,HRI101512,P04,89,100,2.07
HRR226481,T,HRI101512,P04,95,99,2.07
HRR226482,T,HRI101512,P04,94,95,2.06
HRR226483,T,HRI101512,P04,105,76,2.11
HRR226484,T,HRI101512,P04,100,107,2.07
HRR226485,T,HRI101512,P04,101,98,2.07
HRR226486,T,HRI101512,P04,24,22,2
HRR226487,T,HRI101512,P04,38,22,2
HRR226488,T,HRI101512,P04,84,107,2.06
HRR226489,T,HRI101512,P04,33,28,2
HRR226490,T,HRI101512,P04,36,24,2.01
HRR226491,T,HRI101512,P04,180,95,2.18
HRR226492,T,HRI101512,P04,28,22,2
HRR226493,T,HRI101512,P04,88,104,2.07
HRR226494,T,HRI101512,P04,26,22,2
HRR226495,T,HRI101512,P04,77,96,2.06
HRR226496,T,HRI101512,P04,142,109,2.11
HRR226497,T,HRI101512,P04,85,92,1.96
HRR226498,T,HRI101512,P04,126,116,2.14
HRR226499,T,HRI101512,P04,100,93,2.06
HRR226500,T,HRI101512,P04,85,71,2.08
HRR226501,T,HRI101512,P04,29,24,2
HRR226502,T,HRI101512,P04,27,22,2
HRR226503,T,HRI101512,P04,115,125,2.1
HRR226504,T,HRI101512,P04,148,105,2.13
HRR226505,T,HRI101512,P04,33,22,2
HRR226506,T,HRI101512,P04,101,107,2.04
HRR226507,T,HRI101512,P04,88,100,2.07
HRR226508,T,HRI101512,P04,145,114,2.15
HRR226509,T,HRI101512,P04,103,90,2.1
HRR226510,T,HRI101512,P04,33,22,2
HRR226511,T,HRI101512,P04,139,120,2.12
HRR226512,T,HRI101512,P04,31,22,2
HRR226513,T,HRI101512,P04,117,79,2.12
HRR226514,T,HRI101512,P04,87,105,2.11
HRR226515,T,HRI101512,P04,29,24,2
HRR226516,T,HRI101512,P04,138,95,2.07
HRR226517,T,HRI101512,P04,26,22,2
HRR226518,T,HRI101512,P04,81,56,2.05
HRR226519,T,HRI101512,P04,28,22,2
HRR226520,T,HRI101512,P04,144,118,2.17
HRR226521,T,HRI101512,P04,88,50,1.97
HRR226522,T,HRI101512,P04,79,89,2.07
HRR226523,T,HRI101512,P04,35,22,2
HRR226524,T,HRI101512,P04,84,116,2.05
HRR226525,T,HRI101512,P04,95,92,2.05
HRR226526,T,HRI101512,P04,79,96,2.07
HRR226527,T,HRI101512,P04,24,22,2
HRR226528,T,HRI101512,P04,98,82,1.97
HRR226529,T,HRI101512,P04,85,91,2.08
HRR226530,T,HRI101512,P04,87,101,2.06
HRR226531,T,HRI101512,P04,92,102,2.06
HRR226532,T,HRI101512,P04,91,97,2.08
HRR226533,T,HRI101512,P04,86,86,2.07
HRR226534,T,HRI101512,P04,89,105,2.05
HRR226535,T,HRI101512,P04,93,91,2.13
HRR226536,T,HRI101512,P04,171,111,2.2
HRR226537,T,HRI101512,P04,133,89,2.15
HRR226538,T,HRI101512,P04,124,113,2.11
HRR226539,T,HRI101512,P04,35,22,2
HRR226540,T,HRI101512,P04,87,87,2.07
HRR226541,T,HRI101512,P04,26,22,2
HRR226542,T,HRI101512,P04,29,22,2
HRR226543,T,HRI101512,P04,26,22,2
HRR226544,T,HRI101512,P04,26,22,2
HRR226545,T,HRI101512,P04,30,22,2
HRR226546,T,HRI101512,P04,22,22,2
HRR226547,T,HRI101512,P04,24,24,2.01
HRR226548,T,HRI101512,P04,28,22,2
HRR226549,T,HRI101512,P04,26,22,2
HRR226550,T,HRI101512,P04,27,22,2
HRR226551,T,HRI101512,P04,28,22,2
HRR226552,T,HRI101512,P04,26,22,2
HRR226553,T,HRI101512,P04,26,22,2
HRR226554,T,HRI101512,P04,26,22,2
HRR226555,T,HRI101512,P04,24,22,2
HRR226556,T,HRI101512,P04,28,22,2
HRR226557,T,HRI101512,P04,24,22,2
HRR226558,T,HRI101512,P04,24,22,2
HRR226559,T,HRI101512,P04,23,22,2
HRR226560,T,HRI101512,P04,24,22,2
HRR226561,T,HRI101512,P04,34,22,2
HRR226562,T,HRI101512,P04,28,22,2
HRR226563,T,HRI101512,P04,22,22,2
HRR226564,T,HRI101512,P04,25,22,2
HRR226565,T,HRI101512,P04,27,22,2
HRR226566,T,HRI101512,P04,24,22,2
HRR226567,T,HRI101512,P04,26,22,2
HRR226568,T,HRI101512,P04,30,22,2
HRR226569,T,HRI101512,P04,24,22,2
HRR226570,T,HRI101512,P04,24,24,2
HRR226571,T,HRI101512,P04,26,22,2
HRR226572,T,HRI101512,P04,26,22,2
HRR226573,T,HRI101512,P04,24,22,2
HRR226574,T,HRI101512,P04,26,22,2
HRR226575,T,HRI101512,P04,22,22,2
HRR226576,T,HRI101512,P04,22,22,2
HRR226577,T,HRI101512,P04,24,22,2
HRR226578,T,HRI101512,P04,28,22,2
HRR226579,T,HRI101512,P04,24,22,2
HRR226580,T,HRI101512,P04,26,22,2
HRR226581,T,HRI101512,P04,28,25,1.99
HRR226582,T,HRI101512,P04,24,22,2
HRR226583,T,HRI101512,P04,26,22,2
HRR226584,T,HRI101512,P04,24,28,2
HRR226585,T,HRI101512,P04,31,22,2
HRR226586,T,HRI101512,P04,32,22,2
HRR226587,T,HRI101512,P04,31,22,2
HRR226588,T,HRI101512,P04,25,22,2
HRR226589,T,HRI101512,P04,22,22,2
HRR226590,T,HRI101512,P04,28,22,2
HRR226591,T,HRI101512,P04,28,22,2
HRR226592,T,HRI101512,P04,32,22,2
HRR226593,T,HRI101512,P04,32,24,2
HRR226594,T,HRI101512,P04,32,24,2
HRR226595,T,HRI101512,P04,26,22,2
HRR226596,T,HRI101512,P04,32,26,2
HRR226597,T,HRI101512,P04,30,22,2
HRR226598,T,HRI101512,P04,29,26,2
HRR226599,T,HRI101512,P04,30,22,2
HRR226600,T,HRI101512,P04,29,22,2
HRR226601,T,HRI101512,P04,26,22,2
HRR226602,T,HRI101512,P04,26,24,2.01
HRR226603,T,HRI101512,P04,22,26,2
HRR226604,T,HRI101512,P04,30,24,2
HRR226605,T,HRI101512,P04,26,22,2
HRR226606,T,HRI101512,P04,28,22,2
HRR226607,T,HRI101512,P04,34,38,2.01
HRR226608,T,HRI101512,P04,25,22,2
HRR226609,T,HRI101512,P04,22,22,2
HRR226610,T,HRI101512,P04,27,24,2
HRR226611,T,HRI101512,P04,29,30,1.99
HRR226612,T,HRI101512,P04,24,22,2
HRR226613,T,HRI101512,P04,22,29,1.99
HRR226614,T,HRI101512,P04,28,26,2
HRR226615,T,HRI101512,P04,28,22,2
HRR226616,T,HRI101512,P04,28,24,2
HRR226617,T,HRI101512,P04,22,22,2
HRR226618,T,HRI101512,P04,24,22,2
HRR226619,T,HRI101512,P04,22,23,2
HRR226620,T,HRI101512,P04,22,22,2
HRR226621,T,HRI101512,P04,24,30,1.98
HRR226622,T,HRI101512,P04,26,22,2
HRR226623,T,HRI101512,P04,26,22,2
HRR226624,T,HRI101512,P04,24,22,2
HRR226625,T,HRI101512,P04,22,22,2
HRR226626,N,HRI101512,P04,25,22,2
HRR226627,N,HRI101512,P04,26,22,2
HRR226628,N,HRI101512,P04,27,22,2
HRR226629,T,HRI101513,P05,26,22,2
HRR226630,T,HRI101513,P05,28,22,2
HRR226631,T,HRI101513,P05,31,22,2
HRR226632,T,HRI101513,P05,28,34,1.99
HRR226633,T,HRI101513,P05,91,27,2.06
HRR226634,T,HRI101513,P05,120,75,2.08
HRR226635,T,HRI101513,P05,23,22,2
HRR226636,T,HRI101513,P05,29,22,2
HRR226637,T,HRI101513,P05,33,24,2
HRR226638,T,HRI101513,P05,24,22,2
HRR226639,T,HRI101513,P05,29,22,2
HRR226640,T,HRI101513,P05,26,22,2
HRR226641,T,HRI101513,P05,26,22,2
HRR226642,T,HRI101513,P05,27,22,2
HRR226643,T,HRI101513,P05,30,22,2
HRR226644,T,HRI101513,P05,26,22,2
HRR226645,T,HRI101513,P05,28,22,2
HRR226646,T,HRI101513,P05,22,22,2
HRR226647,T,HRI101513,P05,28,22,2
HRR226648,T,HRI101513,P05,26,22,2
HRR226649,T,HRI101513,P05,24,22,2
HRR226650,T,HRI101513,P05,24,22,2
HRR226651,T,HRI101513,P05,28,22,2
HRR226652,T,HRI101513,P05,26,22,2
HRR226653,T,HRI101513,P05,26,22,2
HRR226654,T,HRI101513,P05,27,22,2
HRR226655,T,HRI101513,P05,22,22,2
HRR226656,T,HRI101513,P05,22,22,2
HRR226657,T,HRI101513,P05,33,22,2
HRR226658,T,HRI101513,P05,22,22,2
HRR226659,T,HRI101513,P05,32,22,2
HRR226660,T,HRI101513,P05,26,22,2
HRR226661,T,HRI101513,P05,29,22,2
HRR226662,T,HRI101513,P05,26,22,2
HRR226663,T,HRI101513,P05,30,24,2.01
HRR226664,T,HRI101513,P05,32,24,2
HRR226665,T,HRI101513,P05,35,22,2
HRR226666,T,HRI101513,P05,30,22,2
HRR226667,T,HRI101513,P05,32,22,2
HRR226668,T,HRI101513,P05,26,22,2
HRR226669,T,HRI101513,P05,33,24,2
HRR226670,T,HRI101513,P05,66,72,2.01
HRR226671,T,HRI101513,P05,34,22,2
HRR226672,T,HRI101513,P05,28,24,2
HRR226673,T,HRI101513,P05,28,24,2
HRR226674,T,HRI101513,P05,28,22,2
HRR226675,T,HRI101513,P05,32,22,2
HRR226676,T,HRI101513,P05,24,22,2
HRR226677,T,HRI101513,P05,27,22,2
HRR226678,T,HRI101513,P05,24,22,2
HRR226679,T,HRI101513,P05,27,22,2
HRR226680,T,HRI101513,P05,57,41,2.01
HRR226681,T,HRI101513,P05,31,22,2
HRR226682,T,HRI101513,P05,27,22,2
HRR226683,T,HRI101513,P05,24,22,2
HRR226684,T,HRI101513,P05,26,24,2.01
HRR226685,T,HRI101513,P05,33,22,2
HRR226686,T,HRI101513,P05,30,22,2
HRR226687,T,HRI101513,P05,28,22,2
HRR226688,T,HRI101513,P05,26,22,2
HRR226689,T,HRI101513,P05,24,22,2
HRR226690,T,HRI101513,P05,33,24,2
HRR226691,T,HRI101513,P05,27,22,2
HRR226692,T,HRI101513,P05,26,22,2
HRR226693,T,HRI101513,P05,24,22,2
HRR226694,T,HRI101513,P05,26,22,2
HRR226695,T,HRI101513,P05,27,22,2
HRR226696,T,HRI101513,P05,26,22,2
HRR226697,T,HRI101513,P05,22,22,2
HRR226698,T,HRI101513,P05,31,22,2
HRR226699,T,HRI101513,P05,28,22,2
HRR226700,T,HRI101513,P05,29,22,2
HRR226701,T,HRI101513,P05,27,22,2
HRR226702,T,HRI101513,P05,126,84,2.1
HRR226703,T,HRI101513,P05,224,164,2.1
HRR226704,T,HRI101513,P05,208,152,2.07
HRR226705,T,HRI101513,P05,31,24,2
HRR226706,T,HRI101513,P05,144,152,2.05
HRR226707,T,HRI101513,P05,126,146,1.95
HRR226708,T,HRI101513,P05,135,148,1.95
HRR226709,T,HRI101513,P05,173,150,1.94
HRR226710,T,HRI101513,P05,26,22,2
HRR226711,T,HRI101513,P05,134,143,1.96
HRR226712,T,HRI101513,P05,208,162,2.15
HRR226713,T,HRI101513,P05,117,115,1.92
HRR226714,T,HRI101513,P05,220,156,2.16
HRR226715,T,HRI101513,P05,171,138,2.17
HRR226716,T,HRI101513,P05,229,148,2.17
HRR226717,T,HRI101513,P05,188,136,2.15
HRR226718,T,HRI101513,P05,186,130,2.13
HRR226719,T,HRI101513,P05,32,22,2
HRR226720,T,HRI101513,P05,489,167,2.71
HRR226721,T,HRI101513,P05,29,26,2
HRR226722,T,HRI101513,P05,130,152,2
HRR226723,T,HRI101513,P05,149,151,1.99
HRR226724,T,HRI101513,P05,27,22,2
HRR226725,T,HRI101513,P05,139,141,1.91
HRR226726,T,HRI101513,P05,154,167,1.98
HRR226727,T,HRI101513,P05,145,162,2.02
HRR226728,T,HRI101513,P05,192,160,2.11
HRR226729,T,HRI101513,P05,180,166,2
HRR226730,T,HRI101513,P05,224,160,2.13
HRR226731,T,HRI101513,P05,39,36,2.01
HRR226732,T,HRI101513,P05,56,50,2.01
HRR226733,T,HRI101513,P05,227,159,2.14
HRR226734,T,HRI101513,P05,200,153,2.09
HRR226735,T,HRI101513,P05,27,22,2
HRR226736,T,HRI101513,P05,165,157,2.02
HRR226737,T,HRI101513,P05,116,144,1.95
HRR226738,T,HRI101513,P05,222,164,2.17
HRR226739,T,HRI101513,P05,124,151,1.89
HRR226740,T,HRI101513,P05,211,139,2.16
HRR226741,T,HRI101513,P05,132,140,1.94
HRR226742,T,HRI101513,P05,132,153,2.03
HRR226743,T,HRI101513,P05,152,139,2
HRR226744,T,HRI101513,P05,26,22,2
HRR226745,T,HRI101513,P05,102,133,1.91
HRR226746,T,HRI101513,P05,117,147,1.92
HRR226747,T,HRI101513,P05,139,139,1.97
HRR226748,T,HRI101513,P05,174,159,2.12
HRR226749,T,HRI101513,P05,216,169,2.05
HRR226750,T,HRI101513,P05,26,24,2
HRR226751,T,HRI101513,P05,128,142,2.02
HRR226752,T,HRI101513,P05,139,128,2.07
HRR226753,T,HRI101513,P05,115,135,1.99
HRR226754,T,HRI101513,P05,102,137,1.9
HRR226755,T,HRI101513,P05,26,22,2
HRR226756,T,HRI101513,P05,149,147,1.96
HRR226757,T,HRI101513,P05,150,136,1.98
HRR226758,T,HRI101513,P05,107,146,1.9
HRR226759,T,HRI101513,P05,156,149,2.01
HRR226760,T,HRI101513,P05,123,168,1.94
HRR226761,T,HRI101513,P05,253,118,2.03
HRR226762,T,HRI101513,P05,162,142,2.15
HRR226763,T,HRI101513,P05,185,148,2.11
HRR226764,T,HRI101513,P05,231,109,2.08
HRR226765,T,HRI101513,P05,28,22,2
HRR226766,T,HRI101513,P05,197,148,2.18
HRR226767,T,HRI101513,P05,214,178,2.07
HRR226768,T,HRI101513,P05,158,158,2.05
HRR226769,T,HRI101513,P05,167,155,1.99
HRR226770,T,HRI101513,P05,141,147,1.93
HRR226771,T,HRI101513,P05,22,30,1.99
HRR226772,T,HRI101513,P05,22,22,2
HRR226773,T,HRI101513,P05,307,136,2.31
HRR226774,T,HRI101513,P05,135,132,2.02
HRR226775,T,HRI101513,P05,317,146,2.16
HRR226776,T,HRI101513,P05,99,123,1.88
HRR226777,N,HRI101513,P05,24,22,2
HRR226778,N,HRI101513,P05,24,22,2
HRR226779,N,HRI101513,P05,28,22,2
HRR226780,T,HRI101514,P06,26,22,2
HRR226781,T,HRI101514,P06,24,22,2
HRR226782,T,HRI101514,P06,22,22,2
HRR226783,T,HRI101514,P06,26,22,2
HRR226784,T,HRI101514,P06,29,22,2
HRR226785,T,HRI101514,P06,24,22,2
HRR226786,T,HRI101514,P06,22,22,2
HRR226787,T,HRI101514,P06,26,24,2
HRR226788,T,HRI101514,P06,25,26,2
HRR226789,T,HRI101514,P06,24,22,2
HRR226790,T,HRI101514,P06,26,22,2
HRR226791,T,HRI101514,P06,32,24,2
HRR226792,T,HRI101514,P06,27,22,2
HRR226793,T,HRI101514,P06,22,22,2
HRR226794,T,HRI101514,P06,26,24,2.01
HRR226795,T,HRI101514,P06,22,22,2
HRR226796,T,HRI101514,P06,35,29,2.01
HRR226797,T,HRI101514,P06,25,22,2
HRR226798,T,HRI101514,P06,22,22,2
HRR226799,T,HRI101514,P06,27,22,2
HRR226800,T,HRI101514,P06,24,22,2
HRR226801,T,HRI101514,P06,24,22,2
HRR226802,T,HRI101514,P06,22,22,2
HRR226803,T,HRI101514,P06,27,22,2
HRR226804,T,HRI101514,P06,26,28,2
HRR226805,T,HRI101514,P06,22,22,2
HRR226806,T,HRI101514,P06,28,22,2
HRR226807,T,HRI101514,P06,25,22,2
HRR226808,T,HRI101514,P06,26,22,2
HRR226809,T,HRI101514,P06,26,24,2
HRR226810,T,HRI101514,P06,26,22,2
HRR226811,T,HRI101514,P06,22,22,2
HRR226812,T,HRI101514,P06,27,22,2
HRR226813,T,HRI101514,P06,22,22,2
HRR226814,T,HRI101514,P06,32,24,2
HRR226815,T,HRI101514,P06,22,22,2
HRR226816,T,HRI101514,P06,26,22,2
HRR226817,T,HRI101514,P06,22,22,2
HRR226818,T,HRI101514,P06,22,22,2
HRR226819,T,HRI101514,P06,22,22,2
HRR226820,T,HRI101514,P06,30,22,2
HRR226821,T,HRI101514,P06,22,22,2
HRR226822,T,HRI101514,P06,27,22,2
HRR226823,T,HRI101514,P06,26,22,2
HRR226824,T,HRI101514,P06,29,22,2
HRR226825,T,HRI101514,P06,23,22,2
HRR226826,T,HRI101514,P06,24,22,2
HRR226827,T,HRI101514,P06,26,22,2
HRR226828,T,HRI101514,P06,22,22,2
HRR226829,T,HRI101514,P06,24,22,2
HRR226830,T,HRI101514,P06,26,22,2
HRR226831,T,HRI101514,P06,24,22,2
HRR226832,T,HRI101514,P06,26,22,2
HRR226833,T,HRI101514,P06,24,22,2
HRR226834,T,HRI101514,P06,26,22,2
HRR226835,T,HRI101514,P06,26,22,2
HRR226836,T,HRI101514,P06,26,22,2
HRR226837,T,HRI101514,P06,26,22,2
HRR226838,T,HRI101514,P06,27,22,2
HRR226839,T,HRI101514,P06,26,22,2
HRR226840,T,HRI101514,P06,22,22,2
HRR226841,T,HRI101514,P06,24,22,2
HRR226842,T,HRI101514,P06,25,24,2
HRR226843,T,HRI101514,P06,28,24,2
HRR226844,T,HRI101514,P06,22,22,2
HRR226845,T,HRI101514,P06,33,28,2
HRR226846,T,HRI101514,P06,22,24,2
HRR226847,T,HRI101514,P06,32,22,2
HRR226848,T,HRI101514,P06,24,22,2
HRR226849,T,HRI101514,P06,24,22,2
HRR226850,T,HRI101514,P06,22,22,2
HRR226851,T,HRI101514,P06,24,22,2
HRR226852,T,HRI101514,P06,29,22,2
HRR226853,T,HRI101514,P06,26,22,2
HRR226854,T,HRI101514,P06,22,22,2
HRR226855,T,HRI101514,P06,22,22,2
HRR226856,T,HRI101514,P06,24,22,2
HRR226857,T,HRI101514,P06,29,22,2
HRR226858,T,HRI101514,P06,25,22,2
HRR226859,T,HRI101514,P06,24,24,2.01
HRR226860,T,HRI101514,P06,24,22,2
HRR226861,T,HRI101514,P06,25,22,2
HRR226862,T,HRI101514,P06,24,22,2
HRR226863,T,HRI101514,P06,24,22,2
HRR226864,T,HRI101514,P06,24,22,2
HRR226865,T,HRI101514,P06,28,22,2
HRR226866,T,HRI101514,P06,23,22,2
HRR226867,T,HRI101514,P06,24,22,2
HRR226868,T,HRI101514,P06,79,45,1.83
HRR226869,T,HRI101514,P06,101,49,1.86
HRR226870,T,HRI101514,P06,84,46,1.84
HRR226871,T,HRI101514,P06,99,43,1.89
HRR226872,T,HRI101514,P06,96,44,1.87
HRR226873,T,HRI101514,P06,101,44,1.89
HRR226874,T,HRI101514,P06,73,44,1.95
HRR226875,T,HRI101514,P06,77,43,1.87
HRR226876,T,HRI101514,P06,92,43,1.83
HRR226877,T,HRI101514,P06,84,45,1.83
HRR226878,T,HRI101514,P06,105,46,1.86
HRR226879,T,HRI101514,P06,84,43,1.83
HRR226880,T,HRI101514,P06,100,46,1.84
HRR226881,T,HRI101514,P06,96,43,1.83
HRR226882,T,HRI101514,P06,78,42,1.81
HRR226883,T,HRI101514,P06,79,47,1.87
HRR226884,T,HRI101514,P06,27,43,1.99
HRR226885,T,HRI101514,P06,37,63,1.94
HRR226886,T,HRI101514,P06,88,46,1.87
HRR226887,T,HRI101514,P06,114,47,1.86
HRR226888,T,HRI101514,P06,99,44,1.86
HRR226889,T,HRI101514,P06,96,43,1.87
HRR226890,T,HRI101514,P06,71,44,1.84
HRR226891,T,HRI101514,P06,104,45,1.87
HRR226892,T,HRI101514,P06,88,49,1.87
HRR226893,T,HRI101514,P06,81,64,1.91
HRR226894,T,HRI101514,P06,70,46,1.92
HRR226895,T,HRI101514,P06,81,47,1.86
HRR226896,T,HRI101514,P06,75,40,1.85
HRR226897,T,HRI101514,P06,71,47,1.87
HRR226898,T,HRI101514,P06,71,42,1.87
HRR226899,T,HRI101514,P06,90,43,1.87
HRR226900,T,HRI101514,P06,114,54,1.85
HRR226901,T,HRI101514,P06,101,45,1.86
HRR226902,T,HRI101514,P06,81,40,1.87
HRR226903,T,HRI101514,P06,74,43,1.87
HRR226904,T,HRI101514,P06,24,22,2
HRR226905,T,HRI101514,P06,61,47,1.82
HRR226906,T,HRI101514,P06,98,57,1.85
HRR226907,T,HRI101514,P06,79,43,1.87
HRR226908,T,HRI101514,P06,78,44,1.84
HRR226909,T,HRI101514,P06,82,51,1.86
HRR226910,N,HRI101514,P06,26,24,2
HRR226911,T,HRI101514,P06,71,44,1.83
HRR226912,T,HRI101514,P06,82,47,1.84
HRR226913,T,HRI101514,P06,90,41,1.87
HRR226914,T,HRI101514,P06,87,47,1.89
HRR226915,T,HRI101514,P06,86,39,1.84
HRR226916,T,HRI101514,P06,87,44,1.86
HRR226917,T,HRI101514,P06,85,44,1.85
HRR226918,T,HRI101514,P06,91,44,1.87
HRR226919,T,HRI101514,P06,73,43,1.86
HRR226920,T,HRI101514,P06,79,46,1.83
HRR226921,T,HRI101514,P06,83,45,1.84
HRR226922,T,HRI101514,P06,104,53,1.88
HRR226923,T,HRI101514,P06,80,45,1.85
HRR226924,T,HRI101514,P06,70,40,1.86
HRR226925,T,HRI101514,P06,93,46,1.89
HRR226926,T,HRI101514,P06,28,42,1.99
HRR226927,T,HRI101514,P06,86,44,1.86
HRR226928,T,HRI101514,P06,85,49,1.84
HRR226929,N,HRI101514,P06,40,32,2.02
HRR226930,N,HRI101514,P06,31,22,2
HRR226931,N,HRI101514,P06,34,24,2.01
HRR226932,N,HRI101514,P06,29,22,2
HRR226933,T,HRI101515,P07,73,44,1.92
HRR226934,T,HRI101515,P07,79,40,1.85
HRR226935,T,HRI101515,P07,116,91,2
HRR226936,T,HRI101515,P07,48,39,1.92
HRR226937,T,HRI101515,P07,58,37,1.85
HRR226938,T,HRI101515,P07,61,39,1.92
HRR226939,T,HRI101515,P07,134,54,1.99
HRR226940,T,HRI101515,P07,60,38,1.92
HRR226941,T,HRI101515,P07,103,108,2
HRR226942,T,HRI101515,P07,126,56,1.98
HRR226943,T,HRI101515,P07,64,40,1.92
HRR226944,T,HRI101515,P07,205,66,2.06
HRR226945,T,HRI101515,P07,79,40,1.92
HRR226946,T,HRI101515,P07,138,60,1.99
HRR226947,T,HRI101515,P07,25,22,2
HRR226948,T,HRI101515,P07,29,22,2
HRR226949,T,HRI101515,P07,22,24,2
HRR226950,T,HRI101515,P07,37,22,2
HRR226951,T,HRI101515,P07,40,30,1.99
HRR226952,T,HRI101515,P07,26,22,2
HRR226953,T,HRI101515,P07,32,22,2
HRR226954,T,HRI101515,P07,26,22,2
HRR226955,T,HRI101515,P07,30,22,2
HRR226956,T,HRI101515,P07,29,22,2
HRR226957,T,HRI101515,P07,24,22,2
HRR226958,T,HRI101515,P07,28,22,2
HRR226959,T,HRI101515,P07,37,22,2
HRR226960,T,HRI101515,P07,28,24,2
HRR226961,T,HRI101515,P07,33,24,2
HRR226962,T,HRI101515,P07,30,22,2
HRR226963,T,HRI101515,P07,27,22,2
HRR226964,T,HRI101515,P07,29,22,2
HRR226965,T,HRI101515,P07,25,22,2
HRR226966,T,HRI101515,P07,27,22,2
HRR226967,T,HRI101515,P07,35,24,2
HRR226968,T,HRI101515,P07,26,22,2
HRR226969,T,HRI101515,P07,32,26,2
HRR226970,T,HRI101515,P07,32,22,2
HRR226971,T,HRI101515,P07,32,26,2.01
HRR226972,T,HRI101515,P07,25,24,2
HRR226973,T,HRI101515,P07,32,22,2
HRR226974,T,HRI101515,P07,35,24,2
HRR226975,T,HRI101515,P07,36,22,2
HRR226976,T,HRI101515,P07,31,22,2
HRR226977,T,HRI101515,P07,29,22,2
HRR226978,T,HRI101515,P07,29,22,2
HRR226979,T,HRI101515,P07,29,22,2
HRR226980,T,HRI101515,P07,34,24,2
HRR226981,T,HRI101515,P07,28,22,2
HRR226982,T,HRI101515,P07,32,24,2.01
HRR226983,T,HRI101515,P07,28,22,2
HRR226984,T,HRI101515,P07,32,22,2
HRR226985,T,HRI101515,P07,35,22,2
HRR226986,T,HRI101515,P07,37,24,2
HRR226987,T,HRI101515,P07,28,22,2
HRR226988,T,HRI101515,P07,35,22,2
HRR226989,T,HRI101515,P07,26,22,2
HRR226990,T,HRI101515,P07,26,22,2
HRR226991,T,HRI101515,P07,34,22,2
HRR226992,T,HRI101515,P07,25,22,2
HRR226993,T,HRI101515,P07,27,22,2
HRR226994,T,HRI101515,P07,28,24,2
HRR226995,T,HRI101515,P07,28,24,2
HRR226996,T,HRI101515,P07,27,26,2.01
HRR226997,T,HRI101515,P07,28,22,2
HRR226998,T,HRI101515,P07,27,22,2
HRR226999,T,HRI101515,P07,22,22,2
HRR227000,T,HRI101515,P07,22,22,2
HRR227001,T,HRI101515,P07,26,22,2
HRR227002,T,HRI101515,P07,25,22,2
HRR227003,T,HRI101515,P07,24,23,2
HRR227004,T,HRI101515,P07,24,22,2
HRR227005,T,HRI101515,P07,40,39,1.98
HRR227006,T,HRI101515,P07,34,24,2
HRR227007,T,HRI101515,P07,37,22,2
HRR227008,T,HRI101515,P07,28,22,2
HRR227009,T,HRI101515,P07,31,24,2.01
HRR227010,T,HRI101515,P07,24,22,2
HRR227011,T,HRI101515,P07,30,22,2
HRR227012,T,HRI101515,P07,31,22,2
HRR227013,T,HRI101515,P07,26,22,2
HRR227014,T,HRI101515,P07,30,22,2
HRR227015,T,HRI101515,P07,27,22,2
HRR227016,T,HRI101515,P07,45,25,2.02
HRR227017,T,HRI101515,P07,41,26,2
HRR227018,T,HRI101515,P07,27,22,2
HRR227019,T,HRI101515,P07,47,26,2
HRR227020,T,HRI101515,P07,26,22,2
HRR227021,T,HRI101515,P07,22,22,2
HRR227022,T,HRI101515,P07,27,22,2
HRR227023,T,HRI101515,P07,28,22,2
HRR227024,T,HRI101515,P07,30,24,2
HRR227025,T,HRI101515,P07,26,22,2
HRR227026,T,HRI101515,P07,30,22,2
HRR227027,T,HRI101515,P07,26,22,2
HRR227028,T,HRI101515,P07,22,22,2
HRR227029,T,HRI101515,P07,24,22,2
HRR227030,T,HRI101515,P07,25,26,2
HRR227031,N,HRI101515,P07,29,22,2
HRR227032,T,HRI101515,P07,169,92,2.06
HRR227033,T,HRI101515,P07,77,41,1.92
HRR227034,T,HRI101515,P07,106,76,2.01
HRR227035,T,HRI101515,P07,144,86,2.02
HRR227036,T,HRI101515,P07,76,41,1.92
HRR227037,N,HRI101515,P07,78,39,1.92
HRR227038,T,HRI101515,P07,118,54,1.99
HRR227039,T,HRI101515,P07,105,53,1.97
HRR227040,T,HRI101515,P07,126,54,1.92
HRR227041,T,HRI101515,P07,68,47,1.93
HRR227042,T,HRI101515,P07,205,52,2.07
HRR227043,T,HRI101515,P07,55,43,1.92
HRR227044,T,HRI101515,P07,97,38,1.88
HRR227045,T,HRI101515,P07,74,43,1.92
HRR227046,T,HRI101515,P07,71,57,1.94
HRR227047,T,HRI101515,P07,79,39,1.85
HRR227048,T,HRI101515,P07,60,40,1.92
HRR227049,T,HRI101515,P07,69,39,1.87
HRR227050,T,HRI101515,P07,74,46,1.92
HRR227051,T,HRI101515,P07,72,41,1.92
HRR227052,T,HRI101515,P07,123,38,1.92
HRR227053,T,HRI101515,P07,65,35,1.82
HRR227054,T,HRI101515,P07,150,56,2
HRR227055,T,HRI101515,P07,59,39,1.92
HRR227056,T,HRI101515,P07,118,83,2.01
HRR227057,T,HRI101515,P07,75,41,1.85
HRR227058,T,HRI101515,P07,67,43,1.87
HRR227059,T,HRI101515,P07,69,38,1.85
HRR227060,T,HRI101515,P07,142,52,1.99
HRR227061,T,HRI101515,P07,117,59,1.93
HRR227062,T,HRI101515,P07,181,50,1.85
HRR227063,T,HRI101515,P07,137,62,1.99
HRR227064,T,HRI101515,P07,110,52,1.87
HRR227065,T,HRI101515,P07,68,40,1.9
HRR227066,T,HRI101515,P07,70,48,1.93
HRR227067,T,HRI101515,P07,67,39,1.85
HRR227068,T,HRI101515,P07,62,39,1.92
HRR227069,T,HRI101515,P07,61,36,1.92
HRR227070,T,HRI101515,P07,68,56,1.95
HRR227071,T,HRI101515,P07,70,42,1.92
HRR227072,T,HRI101515,P07,66,37,1.92
HRR227073,T,HRI101515,P07,54,37,1.92
HRR227074,T,HRI101515,P07,62,39,1.88
HRR227075,T,HRI101515,P07,104,51,1.95
HRR227076,T,HRI101515,P07,48,39,1.92
HRR227077,T,HRI101515,P07,178,60,1.98
HRR227078,T,HRI101515,P07,157,84,2.04
HRR227079,T,HRI101515,P07,154,64,1.94
HRR227080,T,HRI101515,P07,202,89,2.14
HRR227081,T,HRI101515,P07,52,39,1.92
HRR227082,T,HRI101515,P07,71,40,1.92
HRR227083,T,HRI101515,P07,64,42,1.92
HRR227084,T,HRI101515,P07,127,86,2
HRR227085,T,HRI101515,P07,90,48,1.92
HRR227086,T,HRI101515,P07,52,46,1.93
HRR227087,N,HRI101515,P07,26,22,2
HRR227088,N,HRI101515,P07,32,22,2
HRR227089,N,HRI101515,P07,27,22,2
HRR227090,N,HRI101515,P07,28,24,2
HRR227091,N,HRI101515,P07,26,26,2.01
HRR227092,T,HRI101516,P08,115,59,1.92
HRR227093,T,HRI101516,P08,120,69,1.83
HRR227094,T,HRI101516,P08,103,63,1.87
HRR227095,T,HRI101516,P08,164,66,1.96
HRR227096,T,HRI101516,P08,129,63,1.8
HRR227097,T,HRI101516,P08,177,178,2.22
HRR227098,T,HRI101516,P08,129,70,1.82
HRR227099,T,HRI101516,P08,132,65,1.93
HRR227100,T,HRI101516,P08,116,56,1.89
HRR227101,T,HRI101516,P08,136,56,1.87
HRR227102,T,HRI101516,P08,103,56,1.84
HRR227103,T,HRI101516,P08,137,68,1.8
HRR227104,T,HRI101516,P08,97,69,1.9
HRR227105,T,HRI101516,P08,122,60,1.9
HRR227106,T,HRI101516,P08,122,60,1.85
HRR227107,T,HRI101516,P08,157,75,1.96
HRR227108,T,HRI101516,P08,126,66,1.82
HRR227109,T,HRI101516,P08,149,60,1.95
HRR227110,T,HRI101516,P08,109,65,1.9
HRR227111,T,HRI101516,P08,112,58,1.86
HRR227112,T,HRI101516,P08,130,63,1.87
HRR227113,T,HRI101516,P08,167,60,1.91
HRR227114,T,HRI101516,P08,128,64,1.8
HRR227115,T,HRI101516,P08,127,57,1.91
HRR227116,T,HRI101516,P08,104,63,1.93
HRR227117,T,HRI101516,P08,102,58,1.92
HRR227118,T,HRI101516,P08,117,60,1.88
HRR227119,T,HRI101516,P08,112,73,1.84
HRR227120,T,HRI101516,P08,118,61,1.87
HRR227121,T,HRI101516,P08,103,65,1.92
HRR227122,T,HRI101516,P08,142,76,1.95
HRR227123,T,HRI101516,P08,113,65,1.91
HRR227124,T,HRI101516,P08,120,64,1.94
HRR227125,T,HRI101516,P08,95,63,1.82
HRR227126,T,HRI101516,P08,102,59,1.87
HRR227127,T,HRI101516,P08,104,58,1.88
HRR227128,T,HRI101516,P08,99,59,1.92
HRR227129,N,HRI101516,P08,31,22,2
HRR227130,T,HRI101516,P08,113,56,1.83
HRR227131,T,HRI101516,P08,158,64,1.95
HRR227132,T,HRI101516,P08,137,64,1.93
HRR227133,T,HRI101516,P08,103,65,1.91
HRR227134,T,HRI101516,P08,110,60,1.92
HRR227135,T,HRI101516,P08,107,62,1.91
HRR227136,T,HRI101516,P08,154,171,2.16
HRR227137,T,HRI101516,P08,109,63,1.89
HRR227138,T,HRI101516,P08,106,62,1.78
HRR227139,T,HRI101516,P08,155,65,1.89
HRR227140,T,HRI101516,P08,150,61,1.9
HRR227141,T,HRI101516,P08,84,73,1.85
HRR227142,T,HRI101516,P08,129,76,1.93
HRR227143,T,HRI101516,P08,106,63,1.92
HRR227144,T,HRI101516,P08,130,65,1.82
HRR227145,T,HRI101516,P08,148,64,1.81
HRR227146,T,HRI101516,P08,33,22,2
HRR227147,T,HRI101516,P08,41,35,2.02
HRR227148,T,HRI101516,P08,24,22,2
HRR227149,T,HRI101516,P08,28,22,2
HRR227150,T,HRI101516,P08,30,25,2
HRR227151,T,HRI101516,P08,28,22,2
HRR227152,T,HRI101516,P08,28,26,2
HRR227153,T,HRI101516,P08,26,22,2
HRR227154,T,HRI101516,P08,35,24,1.95
HRR227155,T,HRI101516,P08,26,22,2
HRR227156,T,HRI101516,P08,26,22,2
HRR227157,T,HRI101516,P08,22,22,2
HRR227158,T,HRI101516,P08,22,22,2
HRR227159,T,HRI101516,P08,30,24,2
HRR227160,T,HRI101516,P08,28,22,2
HRR227161,T,HRI101516,P08,29,22,2
HRR227162,T,HRI101516,P08,28,24,2
HRR227163,T,HRI101516,P08,28,24,2
HRR227164,T,HRI101516,P08,40,24,2
HRR227165,T,HRI101516,P08,27,22,2
HRR227166,T,HRI101516,P08,24,22,2
HRR227167,T,HRI101516,P08,24,22,2
HRR227168,T,HRI101516,P08,26,22,2
HRR227169,T,HRI101516,P08,29,22,2
HRR227170,T,HRI101516,P08,24,22,2
HRR227171,T,HRI101516,P08,31,22,2
HRR227172,T,HRI101516,P08,26,22,2
HRR227173,T,HRI101516,P08,129,102,2.14
HRR227174,T,HRI101516,P08,27,24,2
HRR227175,T,HRI101516,P08,30,22,2
HRR227176,T,HRI101516,P08,26,22,2
HRR227177,T,HRI101516,P08,24,22,2
HRR227178,T,HRI101516,P08,25,22,2
HRR227179,T,HRI101516,P08,26,22,2
HRR227180,T,HRI101516,P08,24,22,2
HRR227181,T,HRI101516,P08,26,24,2
HRR227182,T,HRI101516,P08,29,22,2
HRR227183,T,HRI101516,P08,44,51,2.03
HRR227184,T,HRI101516,P08,31,26,2
HRR227185,T,HRI101516,P08,30,22,2
HRR227186,T,HRI101516,P08,24,22,2
HRR227187,T,HRI101516,P08,28,26,2
HRR227188,T,HRI101516,P08,201,89,2.16
HRR227189,T,HRI101516,P08,26,24,2
HRR227190,T,HRI101516,P08,24,22,2
HRR227191,T,HRI101516,P08,25,22,2
HRR227192,T,HRI101516,P08,26,22,2
HRR227193,T,HRI101516,P08,26,22,2
HRR227194,T,HRI101516,P08,26,22,2
HRR227195,T,HRI101516,P08,26,22,2
HRR227196,T,HRI101516,P08,26,22,2
HRR227197,T,HRI101516,P08,28,22,2
HRR227198,T,HRI101516,P08,24,24,2
HRR227199,T,HRI101516,P08,22,22,2
HRR227200,T,HRI101516,P08,24,22,2
HRR227201,T,HRI101516,P08,26,24,2
HRR227202,T,HRI101516,P08,25,22,2
HRR227203,T,HRI101516,P08,38,26,2
HRR227204,T,HRI101516,P08,42,47,1.96
HRR227205,T,HRI101516,P08,25,22,2
HRR227206,T,HRI101516,P08,26,22,2
HRR227207,T,HRI101516,P08,30,24,2
HRR227208,T,HRI101516,P08,128,64,2.12
HRR227209,T,HRI101516,P08,28,26,2
HRR227210,T,HRI101516,P08,33,26,2
HRR227211,T,HRI101516,P08,37,26,2.01
HRR227212,T,HRI101516,P08,28,22,2
HRR227213,T,HRI101516,P08,27,22,2
HRR227214,T,HRI101516,P08,34,36,2.03
HRR227215,T,HRI101516,P08,37,28,2
HRR227216,T,HRI101516,P08,39,28,2
HRR227217,T,HRI101516,P08,125,70,1.81
HRR227218,T,HRI101516,P08,145,64,1.91
HRR227219,T,HRI101516,P08,181,119,1.94
HRR227220,T,HRI101516,P08,139,62,1.82
HRR227221,T,HRI101516,P08,118,58,1.85
HRR227222,T,HRI101516,P08,109,56,1.92
HRR227223,T,HRI101516,P08,92,63,1.82
HRR227224,T,HRI101516,P08,127,70,1.82
HRR227225,T,HRI101516,P08,103,60,1.83
HRR227226,T,HRI101516,P08,134,73,1.83
HRR227227,T,HRI101516,P08,111,88,1.93
HRR227228,T,HRI101516,P08,137,68,1.9
HRR227229,T,HRI101516,P08,96,129,1.93
HRR227230,T,HRI101516,P08,121,62,1.83
HRR227231,T,HRI101516,P08,115,67,1.82
HRR227232,T,HRI101516,P08,116,68,1.9
HRR227233,T,HRI101516,P08,133,67,1.84
HRR227234,T,HRI101516,P08,38,42,1.94
HRR227235,T,HRI101516,P08,27,24,2
HRR227236,T,HRI101516,P08,38,28,2
HRR227237,T,HRI101516,P08,23,22,2
HRR227238,T,HRI101516,P08,65,31,2.04
HRR227239,T,HRI101516,P08,30,22,2
HRR227240,T,HRI101516,P08,32,22,2
HRR227241,T,HRI101516,P08,33,24,2
HRR227242,T,HRI101516,P08,24,26,2
HRR227243,T,HRI101516,P08,26,22,2
HRR227244,T,HRI101516,P08,46,26,2
HRR227245,T,HRI101516,P08,26,28,2
HRR227246,T,HRI101516,P08,27,26,2.01
HRR227247,T,HRI101516,P08,26,22,2
HRR227248,T,HRI101516,P08,61,36,2.04
HRR227249,T,HRI101516,P08,26,22,2
HRR227250,T,HRI101516,P08,24,24,2.01
HRR227251,T,HRI101516,P08,32,22,2
HRR227252,T,HRI101516,P08,34,22,2
HRR227253,T,HRI101516,P08,26,24,2
HRR227254,T,HRI101516,P08,29,22,2
HRR227255,T,HRI101516,P08,22,22,2
HRR227256,T,HRI101516,P08,28,24,2
HRR227257,T,HRI101516,P08,30,22,2
HRR227258,T,HRI101516,P08,38,26,2
HRR227259,T,HRI101516,P08,35,22,2
HRR227260,T,HRI101516,P08,33,22,2
HRR227261,T,HRI101516,P08,34,24,2
HRR227262,T,HRI101516,P08,24,24,2
HRR227263,T,HRI101516,P08,30,22,2
HRR227264,T,HRI101516,P08,32,28,2.01
HRR227265,T,HRI101516,P08,26,22,2
HRR227266,T,HRI101516,P08,28,24,2
HRR227267,T,HRI101516,P08,26,22,2
HRR227268,T,HRI101516,P08,26,23,2
HRR227269,T,HRI101516,P08,102,58,2.09
HRR227270,T,HRI101516,P08,22,22,2
HRR227271,T,HRI101516,P08,37,32,2.01
HRR227272,T,HRI101516,P08,24,22,2
HRR227273,T,HRI101516,P08,66,35,2.04
HRR227274,T,HRI101516,P08,33,22,2
HRR227275,N,HRI101516,P08,24,24,2
HRR227276,N,HRI101516,P08,31,27,2.01
HRR227277,N,HRI101516,P08,30,23,2
HRR227278,T,HRI101517,P09,50,32,2.01
HRR227279,T,HRI101517,P09,88,26,2
HRR227280,T,HRI101517,P09,62,45,1.99
HRR227281,T,HRI101517,P09,43,33,1.99
HRR227282,T,HRI101517,P09,34,36,1.99
HRR227283,T,HRI101517,P09,33,26,2
HRR227284,T,HRI101517,P09,52,22,2
HRR227285,T,HRI101517,P09,26,22,2
HRR227286,T,HRI101517,P09,24,24,2
HRR227287,T,HRI101517,P09,27,22,2
HRR227288,T,HRI101517,P09,24,22,2
HRR227289,T,HRI101517,P09,35,32,2.01
HRR227290,T,HRI101517,P09,36,30,2
HRR227291,T,HRI101517,P09,58,44,1.99
HRR227292,T,HRI101517,P09,46,40,2
HRR227293,T,HRI101517,P09,35,24,2
HRR227294,T,HRI101517,P09,35,22,2
HRR227295,T,HRI101517,P09,60,46,2.02
HRR227296,T,HRI101517,P09,24,22,2
HRR227297,T,HRI101517,P09,38,36,2.01
HRR227298,T,HRI101517,P09,28,22,2
HRR227299,T,HRI101517,P09,32,22,2
HRR227300,T,HRI101517,P09,41,25,2
HRR227301,T,HRI101517,P09,27,22,2
HRR227302,T,HRI101517,P09,81,116,1.95
HRR227303,T,HRI101517,P09,66,38,1.99
HRR227304,T,HRI101517,P09,89,65,2
HRR227305,T,HRI101517,P09,101,47,2
HRR227306,T,HRI101517,P09,159,84,2.06
HRR227307,T,HRI101517,P09,25,22,2
HRR227308,T,HRI101517,P09,57,54,1.98
HRR227309,T,HRI101517,P09,47,30,2.01
HRR227310,T,HRI101517,P09,28,22,2
HRR227311,T,HRI101517,P09,31,22,2
HRR227312,T,HRI101517,P09,123,73,1.82
HRR227313,T,HRI101517,P09,109,59,1.86
HRR227314,T,HRI101517,P09,111,59,1.82
HRR227315,T,HRI101517,P09,185,70,1.92
HRR227316,T,HRI101517,P09,258,174,2.36
HRR227317,T,HRI101517,P09,105,57,1.79
HRR227318,T,HRI101517,P09,214,129,2.15
HRR227319,T,HRI101517,P09,228,91,1.84
HRR227320,T,HRI101517,P09,166,59,1.81
HRR227321,T,HRI101517,P09,261,90,1.9
HRR227322,T,HRI101517,P09,135,57,1.8
HRR227323,T,HRI101517,P09,125,62,1.8
HRR227324,T,HRI101517,P09,134,89,1.83
HRR227325,T,HRI101517,P09,77,65,1.77
HRR227326,T,HRI101517,P09,104,71,1.78
HRR227327,T,HRI101517,P09,200,158,2.14
HRR227328,T,HRI101517,P09,86,56,1.84
HRR227329,T,HRI101517,P09,284,175,2.16
HRR227330,T,HRI101517,P09,291,124,1.94
HRR227331,T,HRI101517,P09,115,74,1.78
HRR227332,T,HRI101517,P09,81,81,1.92
HRR227333,T,HRI101517,P09,244,102,1.82
HRR227334,T,HRI101517,P09,242,97,1.88
HRR227335,T,HRI101517,P09,44,58,2.05
HRR227336,T,HRI101517,P09,141,64,1.8
HRR227337,T,HRI101517,P09,127,58,1.75
HRR227338,T,HRI101517,P09,213,149,2.29
HRR227339,T,HRI101517,P09,160,67,1.87
HRR227340,T,HRI101517,P09,182,130,2.21
HRR227341,T,HRI101517,P09,118,66,1.81
HRR227342,T,HRI101517,P09,93,59,1.87
HRR227343,T,HRI101517,P09,137,59,1.81
HRR227344,T,HRI101517,P09,113,63,1.87
HRR227345,T,HRI101517,P09,206,73,1.8
HRR227346,T,HRI101517,P09,101,53,1.83
HRR227347,T,HRI101517,P09,180,78,1.84
HRR227348,T,HRI101517,P09,256,76,1.95
HRR227349,T,HRI101517,P09,156,67,1.85
HRR227350,T,HRI101517,P09,224,74,1.88
HRR227351,T,HRI101517,P09,145,72,1.86
HRR227352,T,HRI101517,P09,242,157,2.26
HRR227353,T,HRI101517,P09,135,84,1.87
HRR227354,T,HRI101517,P09,266,92,1.87
HRR227355,T,HRI101517,P09,296,135,1.85
HRR227356,T,HRI101517,P09,185,72,1.86
HRR227357,T,HRI101517,P09,306,100,1.9
HRR227358,T,HRI101517,P09,258,150,2.17
HRR227359,T,HRI101517,P09,54,29,2
HRR227360,T,HRI101517,P09,351,177,2.11
HRR227361,T,HRI101517,P09,180,114,1.9
HRR227362,T,HRI101517,P09,364,170,2.27
HRR227363,T,HRI101517,P09,280,157,2.12
HRR227364,T,HRI101517,P09,206,109,1.87
HRR227365,T,HRI101517,P09,206,107,1.81
HRR227366,T,HRI101517,P09,226,94,1.88
HRR227367,T,HRI101517,P09,279,88,1.77
HRR227368,T,HRI101517,P09,216,91,1.8
HRR227369,T,HRI101517,P09,243,93,1.93
HRR227370,T,HRI101517,P09,183,136,2.03
HRR227371,T,HRI101517,P09,229,94,1.85
HRR227372,T,HRI101517,P09,240,102,1.91
HRR227373,T,HRI101517,P09,368,177,2.35
HRR227374,T,HRI101517,P09,247,90,1.88
HRR227375,T,HRI101517,P09,124,52,2.06
HRR227376,T,HRI101517,P09,251,168,2.04
HRR227377,T,HRI101517,P09,223,87,1.88
HRR227378,T,HRI101517,P09,324,174,2.24
HRR227379,T,HRI101517,P09,319,154,2.28
HRR227380,T,HRI101517,P09,318,88,1.8
HRR227381,T,HRI101517,P09,290,101,1.86
HRR227382,T,HRI101517,P09,246,86,1.82
HRR227383,T,HRI101517,P09,205,77,1.86
HRR227384,T,HRI101517,P09,207,80,1.86
HRR227385,T,HRI101517,P09,218,116,1.88
HRR227386,T,HRI101517,P09,107,76,2.05
HRR227387,T,HRI101517,P09,99,103,1.93
HRR227388,T,HRI101517,P09,203,90,1.83
HRR227389,T,HRI101517,P09,256,93,1.86
HRR227390,T,HRI101517,P09,267,106,2.12
HRR227391,T,HRI101517,P09,286,171,2.17
HRR227392,T,HRI101517,P09,213,81,1.9
HRR227393,T,HRI101517,P09,283,162,2.27
HRR227394,T,HRI101517,P09,294,132,2.23
HRR227395,T,HRI101517,P09,58,32,2
HRR227396,T,HRI101517,P09,279,178,2.14
HRR227397,T,HRI101517,P09,241,92,1.88
HRR227398,T,HRI101517,P09,251,74,1.88
HRR227399,T,HRI101517,P09,233,169,2.14
HRR227400,T,HRI101517,P09,237,114,1.93
HRR227401,T,HRI101517,P09,238,95,1.88
HRR227402,N,HRI101517,P09,39,26,2
HRR227403,N,HRI101517,P09,40,27,2
HRR227404,N,HRI101517,P09,39,38,1.99
HRR227405,T,HRI101518,P10,150,56,2.01
HRR227406,T,HRI101518,P10,199,71,1.98
HRR227407,T,HRI101518,P10,195,69,2.01
HRR227408,T,HRI101518,P10,129,75,2.08
HRR227409,T,HRI101518,P10,138,57,1.98
HRR227410,T,HRI101518,P10,152,56,2.01
HRR227411,T,HRI101518,P10,172,59,2.01
HRR227412,T,HRI101518,P10,138,58,1.97
HRR227413,T,HRI101518,P10,141,54,2.01
HRR227414,T,HRI101518,P10,212,61,2
HRR227415,T,HRI101518,P10,193,71,2
HRR227416,T,HRI101518,P10,158,51,2.01
HRR227417,T,HRI101518,P10,173,57,2.03
HRR227418,T,HRI101518,P10,169,64,2.01
HRR227419,T,HRI101518,P10,159,53,2.02
HRR227420,T,HRI101518,P10,203,62,2.01
HRR227421,T,HRI101518,P10,204,72,2.01
HRR227422,T,HRI101518,P10,158,55,2.01
HRR227423,T,HRI101518,P10,165,56,1.93
HRR227424,T,HRI101518,P10,200,65,2
HRR227425,T,HRI101518,P10,27,22,2
HRR227426,T,HRI101518,P10,202,77,2
HRR227427,T,HRI101518,P10,162,146,2.09
HRR227428,T,HRI101518,P10,204,86,1.97
HRR227429,T,HRI101518,P10,175,75,1.99
HRR227430,T,HRI101518,P10,163,54,2
HRR227431,T,HRI101518,P10,23,22,2
HRR227432,T,HRI101518,P10,244,74,1.98
HRR227433,T,HRI101518,P10,129,52,1.97
HRR227434,T,HRI101518,P10,155,66,1.97
HRR227435,T,HRI101518,P10,214,66,2.02
HRR227436,T,HRI101518,P10,173,63,2
HRR227437,T,HRI101518,P10,200,85,1.98
HRR227438,T,HRI101518,P10,133,54,1.97
HRR227439,T,HRI101518,P10,200,63,2
HRR227440,T,HRI101518,P10,159,60,1.98
HRR227441,T,HRI101518,P10,29,26,2
HRR227442,T,HRI101518,P10,202,66,1.99
HRR227443,T,HRI101518,P10,178,58,2
HRR227444,T,HRI101518,P10,242,65,2
HRR227445,T,HRI101518,P10,195,69,2
HRR227446,T,HRI101518,P10,159,53,2
HRR227447,T,HRI101518,P10,176,56,2.01
HRR227448,T,HRI101518,P10,113,50,1.92
HRR227449,T,HRI101518,P10,190,51,2.03
HRR227450,T,HRI101518,P10,213,68,2.01
HRR227451,T,HRI101518,P10,161,53,1.98
HRR227452,T,HRI101518,P10,161,56,2.02
HRR227453,T,HRI101518,P10,167,70,2
HRR227454,T,HRI101518,P10,203,62,2.01
HRR227455,T,HRI101518,P10,182,66,1.99
HRR227456,T,HRI101518,P10,119,57,1.98
HRR227457,T,HRI101518,P10,211,82,1.97
HRR227458,T,HRI101518,P10,179,65,2.01
HRR227459,T,HRI101518,P10,183,60,2
HRR227460,T,HRI101518,P10,156,52,2.01
HRR227461,T,HRI101518,P10,334,102,2.1
HRR227462,T,HRI101518,P10,149,54,2.01
HRR227463,T,HRI101518,P10,186,57,2.02
HRR227464,T,HRI101518,P10,271,88,2.01
HRR227465,T,HRI101518,P10,186,65,1.96
HRR227466,T,HRI101518,P10,144,57,1.98
HRR227467,T,HRI101518,P10,188,85,2
HRR227468,T,HRI101518,P10,189,67,1.99
HRR227469,T,HRI101518,P10,207,65,2
HRR227470,T,HRI101518,P10,26,24,2
HRR227471,T,HRI101518,P10,166,62,2.02
HRR227472,T,HRI101518,P10,210,57,2.06
HRR227473,T,HRI101518,P10,26,24,2
HRR227474,T,HRI101518,P10,50,30,2
HRR227475,T,HRI101518,P10,32,22,2
HRR227476,T,HRI101518,P10,23,22,2
HRR227477,T,HRI101518,P10,24,24,2
HRR227478,T,HRI101518,P10,22,22,2
HRR227479,T,HRI101518,P10,33,24,2
HRR227480,T,HRI101518,P10,24,22,2
HRR227481,T,HRI101518,P10,24,22,2
HRR227482,T,HRI101518,P10,36,30,2
HRR227483,T,HRI101518,P10,24,25,2
HRR227484,T,HRI101518,P10,38,26,2
HRR227485,T,HRI101518,P10,30,22,2
HRR227486,T,HRI101518,P10,42,31,2
HRR227487,T,HRI101518,P10,24,22,2
HRR227488,T,HRI101518,P10,25,22,2
HRR227489,T,HRI101518,P10,24,22,2
HRR227490,T,HRI101518,P10,26,22,2
HRR227491,T,HRI101518,P10,22,22,2
HRR227492,T,HRI101518,P10,31,24,2
HRR227493,T,HRI101518,P10,29,22,2
HRR227494,T,HRI101518,P10,30,22,2
HRR227495,T,HRI101518,P10,40,28,2
HRR227496,T,HRI101518,P10,36,30,2
HRR227497,T,HRI101518,P10,30,22,2
HRR227498,T,HRI101518,P10,22,22,2
HRR227499,T,HRI101518,P10,24,22,2
HRR227500,T,HRI101518,P10,36,22,2
HRR227501,T,HRI101518,P10,24,24,2
HRR227502,T,HRI101518,P10,26,22,2
HRR227503,T,HRI101518,P10,26,22,2
HRR227504,T,HRI101518,P10,27,22,2
HRR227505,T,HRI101518,P10,28,24,2
HRR227506,T,HRI101518,P10,32,24,2
HRR227507,T,HRI101518,P10,24,22,2
HRR227508,T,HRI101518,P10,32,25,2
HRR227509,T,HRI101518,P10,26,24,2
HRR227510,T,HRI101518,P10,31,24,2
HRR227511,T,HRI101518,P10,27,24,2
HRR227512,T,HRI101518,P10,24,22,2
HRR227513,T,HRI101518,P10,25,22,2
HRR227514,T,HRI101518,P10,24,22,2
HRR227515,T,HRI101518,P10,27,22,2
HRR227516,T,HRI101518,P10,24,22,2
HRR227517,T,HRI101518,P10,31,24,2
HRR227518,T,HRI101518,P10,25,22,2
HRR227519,T,HRI101518,P10,24,22,2
HRR227520,T,HRI101518,P10,25,24,2
HRR227521,T,HRI101518,P10,28,28,2
HRR227522,T,HRI101518,P10,30,22,2
HRR227523,T,HRI101518,P10,22,22,2
HRR227524,T,HRI101518,P10,29,22,2
HRR227525,T,HRI101518,P10,26,24,2
HRR227526,T,HRI101518,P10,31,24,2
HRR227527,T,HRI101518,P10,34,24,2
HRR227528,T,HRI101518,P10,39,24,2
HRR227529,T,HRI101518,P10,27,22,2
HRR227530,T,HRI101518,P10,25,22,2
HRR227531,T,HRI101518,P10,35,30,2.02
HRR227532,T,HRI101518,P10,32,28,2
HRR227533,T,HRI101518,P10,25,22,2
HRR227534,T,HRI101518,P10,26,22,2
HRR227535,T,HRI101518,P10,27,28,2
HRR227536,T,HRI101518,P10,26,24,2
HRR227537,T,HRI101518,P10,32,22,2
HRR227538,T,HRI101518,P10,24,25,2
HRR227539,T,HRI101518,P10,29,22,2
HRR227540,T,HRI101518,P10,26,24,2
HRR227541,N,HRI101518,P10,26,22,2
HRR227542,N,HRI101518,P10,25,22,2
HRR227543,N,HRI101518,P10,25,24,2
HRR227544,N,HRI101518,P10,22,22,2
HRR227545,N,HRI101518,P10,22,22,2
HRR227546,N,HRI101518,P10,28,26,2.01
