	HRR227278	HRR227279	HRR227280	HRR227281	HRR227282	HRR227283	HRR227284	HRR227285	HRR227286	HRR227287	HRR227288	HRR227289	HRR227290	HRR227291	HRR227292	HRR227293	HRR227294	HRR227295	HRR227296	HRR227297	HRR227298	HRR227299	HRR227300	HRR227301	HRR227302	HRR227303	HRR227304	HRR227305	HRR227306	HRR227307	HRR227308	HRR227309	HRR227310	HRR227311	HRR227312	HRR227313	HRR227314	HRR227315	HRR227316	HRR227317	HRR227318	HRR227319	HRR227320	HRR227321	HRR227322	HRR227323	HRR227324	HRR227325	HRR227326	HRR227327	HRR227328	HRR227329	HRR227330	HRR227331	HRR227332	HRR227333	HRR227334	HRR227335	HRR227336	HRR227337	HRR227338	HRR227339	HRR227340	HRR227341	HRR227342	HRR227343	HRR227344	HRR227345	HRR227346	HRR227347	HRR227348	HRR227349	HRR227350	HRR227351	HRR227352	HRR227353	HRR227354	HRR227355	HRR227356	HRR227357	HRR227358	HRR227359	HRR227360	HRR227361	HRR227362	HRR227363	HRR227364	HRR227365	HRR227366	HRR227367	HRR227368	HRR227369	HRR227370	HRR227371	HRR227372	HRR227373	HRR227374	HRR227375	HRR227376	HRR227377	HRR227378	HRR227379	HRR227380	HRR227381	HRR227382	HRR227383	HRR227384	HRR227385	HRR227386	HRR227387	HRR227388	HRR227389	HRR227390	HRR227391	HRR227392	HRR227393	HRR227394	HRR227395	HRR227396	HRR227397	HRR227398	HRR227399	HRR227400	HRR227401	diploid
HRR227278	0.0	220.0	248.0	222.0	243.0	235.0	224.0	224.0	222.0	219.0	224.0	238.0	252.0	230.0	238.0	241.0	231.0	278.0	226.0	227.0	219.0	213.0	235.0	221.0	271.0	237.0	339.0	245.0	264.0	215.0	241.0	242.0	223.0	223.0	296.0	291.0	310.0	318.0	340.0	286.0	340.0	353.0	263.0	325.0	271.0	303.0	311.0	286.0	324.0	321.0	289.0	310.0	376.0	297.0	300.0	348.0	292.0	285.0	319.0	284.0	303.0	269.0	331.0	307.0	290.0	300.0	308.0	267.0	294.0	311.0	286.0	296.0	316.0	315.0	316.0	319.0	285.0	349.0	307.0	267.0	339.0	224.0	323.0	322.0	322.0	320.0	297.0	315.0	274.0	269.0	320.0	274.0	304.0	290.0	282.0	332.0	329.0	301.0	327.0	324.0	327.0	315.0	266.0	360.0	331.0	262.0	307.0	340.0	241.0	270.0	332.0	333.0	341.0	383.0	273.0	343.0	373.0	231.0	307.0	290.0	261.0	319.0	304.0	337.0	199.0
HRR227279	220.0	0.0	142.0	129.0	139.0	127.0	130.0	121.0	123.0	108.0	119.0	143.0	160.0	156.0	139.0	135.0	134.0	233.0	124.0	141.0	129.0	118.0	131.0	113.0	224.0	153.0	314.0	151.0	168.0	115.0	155.0	143.0	114.0	118.0	248.0	248.0	252.0	266.0	273.0	244.0	287.0	318.0	175.0	289.0	170.0	246.0	276.0	228.0	268.0	289.0	248.0	251.0	340.0	261.0	267.0	294.0	199.0	228.0	265.0	230.0	266.0	196.0	295.0	240.0	249.0	247.0	246.0	164.0	255.0	274.0	191.0	262.0	278.0	268.0	272.0	285.0	186.0	302.0	257.0	179.0	261.0	135.0	278.0	265.0	281.0	278.0	256.0	240.0	188.0	180.0	281.0	191.0	261.0	194.0	198.0	314.0	282.0	271.0	277.0	283.0	279.0	266.0	191.0	318.0	299.0	165.0	258.0	298.0	149.0	205.0	288.0	279.0	303.0	343.0	176.0	297.0	332.0	134.0	242.0	209.0	195.0	275.0	260.0	294.0	81.0
HRR227280	248.0	142.0	0.0	136.0	159.0	130.0	149.0	126.0	132.0	130.0	139.0	161.0	174.0	163.0	158.0	146.0	147.0	258.0	133.0	154.0	143.0	130.0	140.0	133.0	242.0	171.0	346.0	170.0	199.0	123.0	180.0	164.0	139.0	145.0	261.0	273.0	265.0	294.0	286.0	266.0	307.0	327.0	192.0	316.0	192.0	272.0	289.0	236.0	275.0	295.0	280.0	252.0	361.0	280.0	280.0	304.0	222.0	246.0	270.0	245.0	282.0	204.0	312.0	269.0	254.0	261.0	275.0	185.0	279.0	284.0	214.0	284.0	294.0	279.0	294.0	292.0	210.0	304.0	275.0	210.0	289.0	156.0	274.0	278.0	300.0	294.0	269.0	255.0	213.0	202.0	301.0	223.0	274.0	219.0	218.0	315.0	293.0	283.0	290.0	302.0	295.0	272.0	201.0	334.0	321.0	190.0	287.0	313.0	173.0	224.0	316.0	309.0	322.0	344.0	198.0	321.0	348.0	154.0	272.0	220.0	194.0	286.0	290.0	309.0	98.0
HRR227281	222.0	129.0	136.0	0.0	133.0	114.0	128.0	121.0	114.0	102.0	116.0	143.0	149.0	152.0	137.0	141.0	131.0	239.0	124.0	132.0	121.0	113.0	123.0	115.0	211.0	144.0	310.0	151.0	186.0	108.0	161.0	144.0	111.0	120.0	236.0	247.0	241.0	252.0	279.0	238.0	287.0	309.0	165.0	282.0	175.0	245.0	271.0	224.0	258.0	276.0	245.0	249.0	331.0	244.0	262.0	292.0	202.0	225.0	252.0	219.0	252.0	188.0	295.0	243.0	227.0	239.0	247.0	170.0	256.0	267.0	195.0	270.0	283.0	261.0	270.0	271.0	190.0	291.0	248.0	178.0	272.0	131.0	267.0	260.0	283.0	284.0	253.0	241.0	173.0	179.0	275.0	192.0	259.0	194.0	199.0	294.0	266.0	273.0	276.0	268.0	276.0	262.0	194.0	315.0	299.0	168.0	269.0	309.0	152.0	203.0	294.0	288.0	311.0	332.0	174.0	298.0	332.0	130.0	255.0	199.0	182.0	271.0	251.0	299.0	78.0
HRR227282	243.0	139.0	159.0	133.0	0.0	126.0	138.0	120.0	125.0	116.0	123.0	155.0	159.0	158.0	140.0	134.0	138.0	250.0	127.0	140.0	131.0	125.0	135.0	121.0	221.0	156.0	318.0	153.0	188.0	125.0	164.0	144.0	123.0	121.0	257.0	254.0	262.0	271.0	289.0	255.0	295.0	306.0	191.0	296.0	179.0	263.0	287.0	237.0	266.0	297.0	264.0	253.0	347.0	254.0	273.0	309.0	214.0	223.0	271.0	244.0	262.0	189.0	306.0	246.0	251.0	244.0	261.0	180.0	256.0	291.0	199.0	266.0	284.0	273.0	281.0	287.0	197.0	304.0	265.0	191.0	278.0	143.0	281.0	272.0	306.0	299.0	267.0	240.0	198.0	191.0	288.0	199.0	281.0	210.0	202.0	321.0	283.0	295.0	293.0	287.0	302.0	264.0	210.0	335.0	306.0	176.0	281.0	317.0	160.0	223.0	303.0	292.0	336.0	348.0	187.0	308.0	339.0	132.0	260.0	217.0	194.0	279.0	267.0	316.0	87.0
HRR227283	235.0	127.0	130.0	114.0	126.0	0.0	123.0	107.0	110.0	101.0	107.0	135.0	142.0	149.0	131.0	123.0	120.0	233.0	113.0	129.0	114.0	110.0	121.0	109.0	223.0	150.0	315.0	141.0	173.0	111.0	165.0	143.0	112.0	113.0	244.0	247.0	240.0	268.0	273.0	240.0	280.0	310.0	174.0	277.0	173.0	239.0	270.0	221.0	264.0	288.0	249.0	242.0	334.0	247.0	261.0	295.0	198.0	224.0	251.0	217.0	257.0	179.0	292.0	241.0	237.0	244.0	257.0	158.0	246.0	261.0	187.0	266.0	278.0	259.0	277.0	280.0	179.0	293.0	253.0	180.0	274.0	133.0	267.0	250.0	292.0	292.0	263.0	230.0	183.0	171.0	287.0	195.0	262.0	196.0	194.0	299.0	267.0	268.0	278.0	270.0	282.0	258.0	182.0	306.0	308.0	174.0	275.0	306.0	149.0	206.0	301.0	291.0	316.0	325.0	180.0	303.0	329.0	135.0	250.0	201.0	177.0	279.0	254.0	296.0	71.0
HRR227284	224.0	130.0	149.0	128.0	138.0	123.0	0.0	118.0	115.0	108.0	114.0	134.0	158.0	153.0	143.0	137.0	137.0	236.0	122.0	141.0	126.0	113.0	131.0	118.0	212.0	145.0	316.0	157.0	181.0	114.0	168.0	159.0	114.0	124.0	248.0	242.0	246.0	263.0	268.0	248.0	284.0	315.0	175.0	277.0	171.0	246.0	270.0	226.0	260.0	280.0	260.0	237.0	339.0	243.0	257.0	291.0	194.0	226.0	246.0	223.0	256.0	182.0	295.0	242.0	239.0	243.0	244.0	162.0	255.0	260.0	185.0	262.0	279.0	262.0	271.0	272.0	189.0	291.0	239.0	183.0	270.0	139.0	279.0	252.0	291.0	270.0	266.0	228.0	177.0	179.0	276.0	191.0	263.0	195.0	193.0	293.0	264.0	266.0	271.0	276.0	281.0	255.0	183.0	305.0	303.0	165.0	265.0	298.0	156.0	198.0	287.0	283.0	307.0	329.0	192.0	294.0	326.0	134.0	242.0	203.0	179.0	258.0	255.0	300.0	87.0
HRR227285	224.0	121.0	126.0	121.0	120.0	107.0	118.0	0.0	94.0	96.0	98.0	127.0	137.0	138.0	121.0	120.0	118.0	235.0	103.0	126.0	115.0	94.0	112.0	95.0	212.0	135.0	311.0	139.0	166.0	96.0	141.0	131.0	102.0	108.0	228.0	239.0	234.0	261.0	265.0	239.0	274.0	302.0	163.0	276.0	165.0	238.0	268.0	211.0	253.0	274.0	236.0	241.0	332.0	241.0	255.0	292.0	192.0	225.0	246.0	215.0	253.0	174.0	295.0	243.0	232.0	234.0	249.0	156.0	236.0	259.0	180.0	259.0	261.0	254.0	264.0	263.0	181.0	290.0	242.0	172.0	263.0	129.0	271.0	254.0	285.0	283.0	257.0	222.0	185.0	172.0	279.0	185.0	262.0	188.0	188.0	295.0	272.0	262.0	269.0	267.0	279.0	252.0	168.0	306.0	293.0	161.0	258.0	296.0	148.0	203.0	282.0	281.0	308.0	328.0	179.0	297.0	321.0	125.0	238.0	193.0	175.0	265.0	258.0	289.0	61.0
HRR227286	222.0	123.0	132.0	114.0	125.0	110.0	115.0	94.0	0.0	86.0	92.0	122.0	137.0	133.0	124.0	110.0	122.0	237.0	103.0	123.0	113.0	90.0	111.0	94.0	211.0	127.0	303.0	147.0	167.0	94.0	148.0	131.0	96.0	104.0	241.0	232.0	236.0	256.0	275.0	235.0	277.0	311.0	151.0	269.0	151.0	237.0	265.0	214.0	262.0	278.0	249.0	246.0	330.0	243.0	263.0	278.0	183.0	216.0	243.0	217.0	245.0	179.0	291.0	230.0	231.0	230.0	249.0	156.0	235.0	258.0	170.0	263.0	270.0	256.0	257.0	268.0	174.0	289.0	234.0	163.0	261.0	114.0	263.0	254.0	274.0	275.0	248.0	231.0	170.0	161.0	276.0	181.0	249.0	182.0	187.0	286.0	270.0	264.0	268.0	270.0	273.0	253.0	173.0	308.0	289.0	157.0	254.0	290.0	139.0	197.0	279.0	275.0	304.0	325.0	171.0	288.0	315.0	118.0	234.0	195.0	175.0	259.0	262.0	279.0	56.0
HRR227287	219.0	108.0	130.0	102.0	116.0	101.0	108.0	96.0	86.0	0.0	95.0	128.0	127.0	131.0	120.0	112.0	115.0	230.0	101.0	123.0	101.0	89.0	103.0	90.0	210.0	124.0	303.0	120.0	164.0	92.0	141.0	126.0	94.0	102.0	228.0	235.0	243.0	258.0	268.0	230.0	274.0	315.0	152.0	270.0	146.0	238.0	266.0	219.0	248.0	274.0	242.0	241.0	335.0	242.0	252.0	275.0	178.0	209.0	243.0	218.0	248.0	176.0	284.0	231.0	227.0	235.0	239.0	144.0	244.0	255.0	166.0	257.0	261.0	256.0	263.0	263.0	173.0	286.0	246.0	167.0	267.0	116.0	265.0	252.0	277.0	286.0	251.0	225.0	176.0	158.0	272.0	176.0	258.0	186.0	178.0	295.0	258.0	263.0	267.0	274.0	279.0	251.0	174.0	307.0	295.0	157.0	267.0	294.0	145.0	194.0	290.0	277.0	303.0	335.0	163.0	292.0	322.0	112.0	233.0	191.0	164.0	269.0	241.0	295.0	53.0
HRR227288	224.0	119.0	139.0	116.0	123.0	107.0	114.0	98.0	92.0	95.0	0.0	129.0	145.0	127.0	122.0	122.0	118.0	233.0	104.0	127.0	111.0	96.0	107.0	88.0	211.0	139.0	306.0	142.0	169.0	92.0	139.0	129.0	95.0	93.0	237.0	240.0	238.0	264.0	267.0	233.0	283.0	313.0	156.0	276.0	154.0	240.0	274.0	214.0	258.0	288.0	248.0	245.0	334.0	239.0	259.0	290.0	187.0	210.0	248.0	219.0	250.0	182.0	296.0	240.0	235.0	236.0	248.0	149.0	240.0	265.0	175.0	270.0	261.0	251.0	274.0	264.0	180.0	287.0	243.0	167.0	271.0	118.0	262.0	257.0	283.0	282.0	254.0	238.0	172.0	170.0	272.0	189.0	265.0	187.0	190.0	293.0	269.0	258.0	273.0	275.0	277.0	261.0	173.0	309.0	297.0	143.0	264.0	301.0	140.0	200.0	291.0	284.0	300.0	327.0	180.0	287.0	325.0	128.0	243.0	185.0	182.0	268.0	248.0	289.0	58.0
HRR227289	238.0	143.0	161.0	143.0	155.0	135.0	134.0	127.0	122.0	128.0	129.0	0.0	170.0	169.0	160.0	152.0	139.0	251.0	132.0	150.0	145.0	118.0	141.0	131.0	227.0	148.0	329.0	169.0	187.0	119.0	167.0	164.0	126.0	127.0	246.0	249.0	249.0	275.0	278.0	250.0	295.0	326.0	189.0	293.0	180.0	266.0	294.0	237.0	275.0	297.0	263.0	257.0	351.0	258.0	272.0	302.0	217.0	236.0	270.0	233.0	273.0	205.0	304.0	262.0	263.0	254.0	262.0	179.0	263.0	267.0	203.0	277.0	291.0	276.0	278.0	293.0	198.0	305.0	260.0	190.0	281.0	142.0	282.0	272.0	301.0	281.0	262.0	248.0	192.0	199.0	278.0	199.0	270.0	202.0	208.0	306.0	288.0	280.0	289.0	293.0	286.0	268.0	197.0	319.0	303.0	181.0	274.0	313.0	170.0	220.0	305.0	289.0	325.0	351.0	192.0	308.0	333.0	144.0	255.0	220.0	201.0	283.0	272.0	302.0	95.0
HRR227290	252.0	160.0	174.0	149.0	159.0	142.0	158.0	137.0	137.0	127.0	145.0	170.0	0.0	178.0	174.0	154.0	156.0	266.0	147.0	159.0	151.0	136.0	149.0	135.0	242.0	176.0	340.0	167.0	185.0	130.0	183.0	165.0	142.0	144.0	273.0	268.0	267.0	294.0	316.0	266.0	305.0	346.0	202.0	310.0	201.0	279.0	296.0	253.0	289.0	316.0	269.0	268.0	371.0	268.0	296.0	324.0	211.0	266.0	287.0	261.0	290.0	221.0	304.0	269.0	263.0	263.0	274.0	188.0	280.0	287.0	220.0	282.0	292.0	274.0	304.0	304.0	209.0	320.0	275.0	211.0	296.0	160.0	286.0	276.0	305.0	313.0	288.0	255.0	218.0	199.0	298.0	213.0	296.0	222.0	218.0	311.0	290.0	289.0	294.0	305.0	310.0	276.0	210.0	339.0	316.0	192.0	283.0	331.0	174.0	235.0	328.0	319.0	336.0	355.0	198.0	323.0	347.0	148.0	278.0	216.0	207.0	293.0	284.0	324.0	111.0
HRR227291	230.0	156.0	163.0	152.0	158.0	149.0	153.0	138.0	133.0	131.0	127.0	169.0	178.0	0.0	159.0	161.0	154.0	249.0	143.0	160.0	144.0	139.0	148.0	132.0	238.0	162.0	320.0	180.0	196.0	129.0	173.0	164.0	143.0	138.0	259.0	257.0	257.0	286.0	299.0	261.0	308.0	323.0	187.0	291.0	192.0	262.0	293.0	245.0	275.0	290.0	274.0	271.0	344.0	262.0	283.0	306.0	219.0	247.0	271.0	247.0	273.0	207.0	320.0	265.0	248.0	257.0	278.0	185.0	258.0	284.0	210.0	278.0	301.0	279.0	297.0	287.0	198.0	299.0	254.0	197.0	288.0	149.0	272.0	282.0	299.0	278.0	272.0	254.0	207.0	199.0	285.0	202.0	283.0	219.0	213.0	318.0	284.0	290.0	293.0	300.0	290.0	275.0	198.0	325.0	304.0	178.0	281.0	309.0	181.0	239.0	299.0	312.0	324.0	352.0	201.0	318.0	337.0	148.0	242.0	225.0	202.0	276.0	267.0	307.0	104.0
HRR227292	238.0	139.0	158.0	137.0	140.0	131.0	143.0	121.0	124.0	120.0	122.0	160.0	174.0	159.0	0.0	129.0	141.0	244.0	139.0	147.0	136.0	126.0	138.0	128.0	236.0	161.0	317.0	169.0	185.0	129.0	163.0	154.0	126.0	121.0	267.0	256.0	265.0	282.0	291.0	252.0	303.0	319.0	191.0	291.0	188.0	241.0	294.0	242.0	265.0	299.0	265.0	264.0	345.0	261.0	279.0	308.0	231.0	228.0	268.0	237.0	270.0	206.0	299.0	256.0	252.0	258.0	261.0	185.0	258.0	280.0	203.0	277.0	291.0	276.0	280.0	284.0	208.0	305.0	264.0	200.0	288.0	143.0	281.0	265.0	289.0	294.0	266.0	259.0	198.0	194.0	287.0	203.0	277.0	212.0	213.0	316.0	284.0	278.0	301.0	290.0	298.0	261.0	211.0	339.0	308.0	184.0	281.0	323.0	174.0	215.0	307.0	306.0	318.0	339.0	201.0	309.0	344.0	150.0	256.0	220.0	196.0	288.0	276.0	306.0	98.0
HRR227293	241.0	135.0	146.0	141.0	134.0	123.0	137.0	120.0	110.0	112.0	122.0	152.0	154.0	161.0	129.0	0.0	137.0	252.0	125.0	143.0	126.0	118.0	125.0	115.0	221.0	148.0	310.0	163.0	176.0	120.0	165.0	152.0	110.0	129.0	246.0	258.0	256.0	273.0	278.0	245.0	302.0	322.0	176.0	294.0	178.0	241.0	291.0	234.0	273.0	296.0	255.0	257.0	339.0	255.0	268.0	297.0	215.0	236.0	257.0	231.0	268.0	194.0	300.0	251.0	249.0	248.0	266.0	165.0	262.0	285.0	186.0	271.0	276.0	267.0	279.0	274.0	198.0	300.0	266.0	188.0	269.0	142.0	278.0	263.0	289.0	296.0	277.0	237.0	205.0	182.0	295.0	199.0	274.0	201.0	206.0	315.0	282.0	279.0	285.0	289.0	297.0	262.0	192.0	328.0	311.0	174.0	277.0	316.0	162.0	216.0	303.0	289.0	322.0	347.0	190.0	314.0	344.0	137.0	253.0	212.0	201.0	277.0	264.0	304.0	81.0
HRR227294	231.0	134.0	147.0	131.0	138.0	120.0	137.0	118.0	122.0	115.0	118.0	139.0	156.0	154.0	141.0	137.0	0.0	256.0	128.0	143.0	136.0	110.0	133.0	113.0	228.0	157.0	320.0	153.0	184.0	113.0	154.0	154.0	120.0	118.0	259.0	256.0	252.0	266.0	281.0	246.0	308.0	321.0	180.0	297.0	182.0	258.0	276.0	239.0	278.0	295.0	269.0	260.0	356.0	253.0	270.0	297.0	209.0	232.0	270.0	242.0	264.0	195.0	302.0	258.0	238.0	265.0	269.0	168.0	252.0	280.0	198.0	272.0	272.0	264.0	264.0	286.0	183.0	304.0	273.0	195.0	279.0	143.0	269.0	264.0	290.0	305.0	262.0	250.0	199.0	190.0	291.0	198.0	268.0	210.0	199.0	304.0	282.0	275.0	298.0	284.0	296.0	264.0	194.0	325.0	305.0	168.0	272.0	310.0	162.0	221.0	316.0	301.0	315.0	343.0	191.0	309.0	334.0	141.0	252.0	214.0	197.0	279.0	272.0	301.0	91.0
HRR227295	278.0	233.0	258.0	239.0	250.0	233.0	236.0	235.0	237.0	230.0	233.0	251.0	266.0	249.0	244.0	252.0	256.0	0.0	241.0	245.0	246.0	233.0	255.0	238.0	237.0	258.0	323.0	266.0	294.0	227.0	271.0	246.0	242.0	239.0	271.0	231.0	237.0	261.0	297.0	240.0	284.0	301.0	219.0	275.0	227.0	245.0	255.0	236.0	247.0	264.0	217.0	264.0	328.0	266.0	261.0	295.0	248.0	222.0	249.0	241.0	248.0	247.0	275.0	235.0	247.0	245.0	266.0	234.0	239.0	259.0	243.0	243.0	257.0	259.0	263.0	270.0	246.0	289.0	266.0	242.0	269.0	247.0	287.0	267.0	280.0	284.0	254.0	284.0	235.0	252.0	271.0	244.0	277.0	255.0	246.0	318.0	296.0	244.0	281.0	238.0	294.0	268.0	249.0	332.0	282.0	270.0	272.0	289.0	255.0	236.0	290.0	283.0	315.0	327.0	277.0	278.0	319.0	255.0	270.0	253.0	242.0	267.0	267.0	283.0	213.0
HRR227296	226.0	124.0	133.0	124.0	127.0	113.0	122.0	103.0	103.0	101.0	104.0	132.0	147.0	143.0	139.0	125.0	128.0	241.0	0.0	141.0	111.0	106.0	119.0	109.0	213.0	136.0	315.0	142.0	171.0	111.0	158.0	139.0	102.0	115.0	245.0	249.0	242.0	258.0	278.0	243.0	284.0	304.0	166.0	281.0	169.0	245.0	269.0	222.0	259.0	278.0	251.0	235.0	335.0	252.0	263.0	291.0	195.0	228.0	246.0	223.0	268.0	181.0	297.0	243.0	235.0	238.0	252.0	163.0	240.0	269.0	184.0	268.0	270.0	251.0	262.0	277.0	188.0	295.0	248.0	176.0	271.0	129.0	266.0	262.0	285.0	287.0	253.0	232.0	180.0	162.0	278.0	182.0	262.0	184.0	195.0	284.0	270.0	260.0	285.0	279.0	285.0	252.0	180.0	305.0	292.0	150.0	262.0	292.0	153.0	200.0	288.0	285.0	303.0	334.0	180.0	300.0	323.0	123.0	238.0	195.0	177.0	270.0	261.0	296.0	69.0
HRR227297	227.0	141.0	154.0	132.0	140.0	129.0	141.0	126.0	123.0	123.0	127.0	150.0	159.0	160.0	147.0	143.0	143.0	245.0	141.0	0.0	143.0	119.0	137.0	120.0	226.0	159.0	316.0	153.0	180.0	126.0	166.0	158.0	127.0	133.0	261.0	257.0	259.0	275.0	296.0	259.0	305.0	325.0	178.0	299.0	189.0	255.0	293.0	236.0	277.0	292.0	263.0	252.0	329.0	262.0	270.0	304.0	223.0	239.0	263.0	239.0	278.0	202.0	305.0	256.0	256.0	255.0	249.0	180.0	256.0	282.0	205.0	276.0	293.0	268.0	282.0	278.0	200.0	297.0	256.0	187.0	285.0	143.0	280.0	264.0	298.0	298.0	264.0	248.0	198.0	194.0	296.0	205.0	286.0	212.0	213.0	308.0	278.0	274.0	289.0	294.0	287.0	272.0	201.0	322.0	305.0	182.0	285.0	322.0	153.0	228.0	309.0	309.0	324.0	342.0	190.0	318.0	331.0	142.0	247.0	219.0	200.0	285.0	271.0	307.0	90.0
HRR227298	219.0	129.0	143.0	121.0	131.0	114.0	126.0	115.0	113.0	101.0	111.0	145.0	151.0	144.0	136.0	126.0	136.0	246.0	111.0	143.0	0.0	108.0	116.0	107.0	214.0	142.0	320.0	146.0	168.0	102.0	166.0	144.0	104.0	117.0	248.0	245.0	251.0	273.0	277.0	241.0	293.0	301.0	169.0	272.0	171.0	247.0	284.0	225.0	247.0	294.0	259.0	257.0	340.0	246.0	258.0	286.0	201.0	221.0	249.0	234.0	261.0	185.0	300.0	256.0	234.0	243.0	248.0	167.0	249.0	274.0	196.0	265.0	273.0	264.0	267.0	282.0	186.0	295.0	256.0	175.0	277.0	136.0	265.0	270.0	291.0	288.0	249.0	241.0	193.0	178.0	281.0	186.0	271.0	195.0	187.0	295.0	283.0	273.0	278.0	285.0	295.0	266.0	192.0	314.0	304.0	165.0	280.0	301.0	152.0	207.0	289.0	294.0	313.0	334.0	184.0	305.0	330.0	124.0	248.0	196.0	175.0	272.0	248.0	295.0	73.0
HRR227299	213.0	118.0	130.0	113.0	125.0	110.0	113.0	94.0	90.0	89.0	96.0	118.0	136.0	139.0	126.0	118.0	110.0	233.0	106.0	119.0	108.0	0.0	104.0	93.0	212.0	128.0	312.0	136.0	166.0	94.0	150.0	133.0	97.0	98.0	231.0	234.0	243.0	260.0	268.0	229.0	278.0	308.0	160.0	274.0	148.0	239.0	274.0	212.0	251.0	269.0	249.0	231.0	326.0	229.0	252.0	279.0	184.0	212.0	251.0	214.0	244.0	176.0	283.0	233.0	227.0	237.0	246.0	155.0	242.0	263.0	171.0	257.0	270.0	243.0	260.0	268.0	174.0	282.0	240.0	163.0	271.0	127.0	266.0	246.0	273.0	276.0	246.0	229.0	179.0	161.0	275.0	177.0	250.0	182.0	184.0	298.0	261.0	265.0	274.0	267.0	266.0	249.0	167.0	309.0	282.0	154.0	259.0	292.0	143.0	196.0	292.0	278.0	302.0	328.0	175.0	290.0	326.0	117.0	240.0	195.0	177.0	260.0	251.0	287.0	56.0
HRR227300	235.0	131.0	140.0	123.0	135.0	121.0	131.0	112.0	111.0	103.0	107.0	141.0	149.0	148.0	138.0	125.0	133.0	255.0	119.0	137.0	116.0	104.0	0.0	106.0	223.0	140.0	315.0	150.0	169.0	100.0	157.0	140.0	98.0	117.0	246.0	251.0	253.0	271.0	273.0	245.0	291.0	313.0	170.0	293.0	157.0	242.0	284.0	226.0	258.0	296.0	252.0	235.0	335.0	250.0	257.0	297.0	194.0	232.0	263.0	236.0	260.0	185.0	301.0	248.0	241.0	238.0	258.0	168.0	252.0	271.0	181.0	280.0	280.0	268.0	268.0	282.0	179.0	291.0	254.0	173.0	273.0	132.0	273.0	255.0	282.0	287.0	247.0	233.0	180.0	165.0	282.0	178.0	274.0	189.0	183.0	291.0	269.0	262.0	272.0	284.0	276.0	257.0	176.0	311.0	297.0	161.0	253.0	297.0	144.0	213.0	287.0	290.0	314.0	336.0	181.0	297.0	331.0	126.0	247.0	182.0	184.0	276.0	257.0	286.0	69.0
HRR227301	221.0	113.0	133.0	115.0	121.0	109.0	118.0	95.0	94.0	90.0	88.0	131.0	135.0	132.0	128.0	115.0	113.0	238.0	109.0	120.0	107.0	93.0	106.0	0.0	214.0	136.0	312.0	143.0	162.0	87.0	140.0	125.0	98.0	99.0	234.0	237.0	237.0	261.0	275.0	231.0	284.0	312.0	161.0	273.0	150.0	245.0	278.0	219.0	265.0	289.0	251.0	236.0	331.0	233.0	258.0	289.0	190.0	220.0	252.0	226.0	252.0	179.0	295.0	231.0	232.0	238.0	250.0	147.0	240.0	271.0	174.0	255.0	264.0	253.0	269.0	274.0	170.0	292.0	247.0	163.0	272.0	114.0	256.0	265.0	274.0	297.0	249.0	233.0	178.0	165.0	285.0	171.0	258.0	191.0	184.0	289.0	270.0	261.0	275.0	278.0	281.0	256.0	173.0	308.0	300.0	153.0	266.0	296.0	133.0	201.0	293.0	283.0	300.0	330.0	167.0	292.0	324.0	126.0	245.0	184.0	176.0	265.0	243.0	290.0	54.0
HRR227302	271.0	224.0	242.0	211.0	221.0	223.0	212.0	212.0	211.0	210.0	211.0	227.0	242.0	238.0	236.0	221.0	228.0	237.0	213.0	226.0	214.0	212.0	223.0	214.0	0.0	239.0	337.0	229.0	264.0	214.0	252.0	232.0	215.0	215.0	253.0	228.0	226.0	242.0	277.0	235.0	279.0	301.0	211.0	279.0	210.0	229.0	265.0	213.0	259.0	254.0	218.0	261.0	326.0	218.0	249.0	287.0	232.0	227.0	241.0	227.0	239.0	225.0	278.0	241.0	214.0	213.0	246.0	213.0	220.0	261.0	222.0	250.0	263.0	258.0	237.0	264.0	237.0	289.0	267.0	224.0	250.0	230.0	262.0	272.0	273.0	269.0	247.0	269.0	223.0	227.0	260.0	224.0	261.0	239.0	227.0	291.0	289.0	263.0	262.0	260.0	284.0	267.0	233.0	312.0	279.0	246.0	248.0	291.0	235.0	224.0	289.0	277.0	328.0	316.0	248.0	292.0	312.0	236.0	249.0	238.0	221.0	256.0	255.0	277.0	187.0
HRR227303	237.0	153.0	171.0	144.0	156.0	150.0	145.0	135.0	127.0	124.0	139.0	148.0	176.0	162.0	161.0	148.0	157.0	258.0	136.0	159.0	142.0	128.0	140.0	136.0	239.0	0.0	318.0	174.0	193.0	136.0	169.0	164.0	134.0	140.0	268.0	268.0	267.0	283.0	291.0	269.0	307.0	336.0	201.0	299.0	195.0	276.0	306.0	244.0	282.0	299.0	263.0	268.0	358.0	268.0	288.0	325.0	217.0	249.0	278.0	241.0	285.0	210.0	314.0	272.0	260.0	256.0	274.0	195.0	282.0	284.0	208.0	281.0	302.0	284.0	292.0	296.0	211.0	305.0	262.0	203.0	290.0	152.0	290.0	270.0	302.0	303.0	264.0	257.0	212.0	196.0	295.0	209.0	278.0	217.0	213.0	312.0	287.0	295.0	286.0	308.0	304.0	280.0	206.0	328.0	317.0	194.0	281.0	320.0	176.0	230.0	313.0	304.0	335.0	351.0	197.0	317.0	337.0	138.0	266.0	221.0	211.0	285.0	282.0	309.0	105.0
HRR227304	339.0	314.0	346.0	310.0	318.0	315.0	316.0	311.0	303.0	303.0	306.0	329.0	340.0	320.0	317.0	310.0	320.0	323.0	315.0	316.0	320.0	312.0	315.0	312.0	337.0	318.0	0.0	320.0	354.0	317.0	334.0	333.0	314.0	311.0	358.0	342.0	361.0	370.0	380.0	343.0	386.0	401.0	334.0	373.0	351.0	354.0	355.0	349.0	366.0	349.0	335.0	379.0	422.0	356.0	353.0	382.0	354.0	319.0	367.0	354.0	342.0	354.0	360.0	351.0	345.0	361.0	365.0	347.0	347.0	383.0	350.0	376.0	373.0	374.0	368.0	366.0	342.0	390.0	364.0	340.0	368.0	312.0	364.0	364.0	383.0	371.0	364.0	376.0	340.0	335.0	371.0	346.0	356.0	367.0	355.0	405.0	392.0	347.0	380.0	354.0	386.0	359.0	356.0	418.0	384.0	352.0	359.0	390.0	338.0	337.0	374.0	392.0	385.0	420.0	358.0	391.0	395.0	312.0	356.0	368.0	347.0	367.0	377.0	381.0	294.0
HRR227305	245.0	151.0	170.0	151.0	153.0	141.0	157.0	139.0	147.0	120.0	142.0	169.0	167.0	180.0	169.0	163.0	153.0	266.0	142.0	153.0	146.0	136.0	150.0	143.0	229.0	174.0	320.0	0.0	207.0	141.0	178.0	159.0	134.0	150.0	265.0	264.0	269.0	286.0	284.0	257.0	305.0	323.0	182.0	301.0	200.0	264.0	295.0	253.0	278.0	293.0	262.0	256.0	346.0	262.0	272.0	294.0	224.0	240.0	257.0	245.0	268.0	206.0	307.0	262.0	254.0	256.0	255.0	189.0	262.0	272.0	204.0	281.0	286.0	261.0	294.0	290.0	201.0	316.0	265.0	202.0	290.0	165.0	290.0	271.0	301.0	299.0	276.0	244.0	209.0	190.0	299.0	208.0	285.0	217.0	201.0	315.0	282.0	283.0	279.0	291.0	296.0	273.0	215.0	323.0	305.0	186.0	279.0	326.0	180.0	231.0	308.0	301.0	323.0	355.0	198.0	314.0	344.0	156.0	265.0	224.0	198.0	288.0	271.0	308.0	109.0
HRR227306	264.0	168.0	199.0	186.0	188.0	173.0	181.0	166.0	167.0	164.0	169.0	187.0	185.0	196.0	185.0	176.0	184.0	294.0	171.0	180.0	168.0	166.0	169.0	162.0	264.0	193.0	354.0	207.0	0.0	164.0	196.0	197.0	173.0	162.0	279.0	291.0	297.0	314.0	316.0	278.0	337.0	349.0	225.0	318.0	218.0	287.0	325.0	265.0	292.0	320.0	296.0	284.0	382.0	297.0	298.0	330.0	243.0	279.0	298.0	271.0	305.0	243.0	335.0	297.0	287.0	293.0	293.0	215.0	285.0	307.0	226.0	306.0	324.0	311.0	296.0	324.0	235.0	333.0	297.0	224.0	311.0	182.0	307.0	304.0	334.0	317.0	300.0	284.0	234.0	215.0	315.0	230.0	308.0	244.0	251.0	337.0	312.0	306.0	322.0	326.0	327.0	302.0	233.0	344.0	332.0	212.0	304.0	345.0	193.0	267.0	331.0	324.0	353.0	365.0	219.0	333.0	349.0	173.0	278.0	243.0	221.0	317.0	298.0	331.0	135.0
HRR227307	215.0	115.0	123.0	108.0	125.0	111.0	114.0	96.0	94.0	92.0	92.0	119.0	130.0	129.0	129.0	120.0	113.0	227.0	111.0	126.0	102.0	94.0	100.0	87.0	214.0	136.0	317.0	141.0	164.0	0.0	146.0	131.0	91.0	98.0	231.0	233.0	233.0	262.0	269.0	235.0	277.0	309.0	163.0	272.0	158.0	239.0	270.0	215.0	244.0	284.0	248.0	240.0	326.0	231.0	263.0	277.0	179.0	215.0	250.0	220.0	246.0	179.0	291.0	235.0	228.0	231.0	245.0	153.0	246.0	261.0	177.0	257.0	272.0	246.0	259.0	272.0	178.0	282.0	245.0	163.0	269.0	122.0	260.0	257.0	280.0	283.0	244.0	229.0	183.0	166.0	268.0	175.0	252.0	184.0	181.0	289.0	273.0	261.0	267.0	281.0	274.0	257.0	167.0	305.0	289.0	150.0	257.0	301.0	129.0	193.0	293.0	286.0	296.0	335.0	163.0	288.0	326.0	120.0	231.0	185.0	174.0	265.0	248.0	287.0	56.0
HRR227308	241.0	155.0	180.0	161.0	164.0	165.0	168.0	141.0	148.0	141.0	139.0	167.0	183.0	173.0	163.0	165.0	154.0	271.0	158.0	166.0	166.0	150.0	157.0	140.0	252.0	169.0	334.0	178.0	196.0	146.0	0.0	177.0	152.0	157.0	266.0	263.0	284.0	300.0	316.0	276.0	315.0	329.0	194.0	319.0	185.0	278.0	298.0	265.0	291.0	318.0	292.0	279.0	369.0	278.0	288.0	331.0	230.0	265.0	283.0	254.0	295.0	220.0	319.0	274.0	269.0	281.0	266.0	193.0	273.0	302.0	210.0	288.0	295.0	294.0	295.0	301.0	205.0	324.0	277.0	208.0	295.0	163.0	286.0	283.0	316.0	312.0	290.0	266.0	212.0	216.0	309.0	210.0	294.0	217.0	213.0	315.0	292.0	302.0	308.0	301.0	315.0	280.0	202.0	332.0	326.0	196.0	294.0	324.0	176.0	238.0	326.0	313.0	328.0	367.0	206.0	325.0	352.0	164.0	268.0	230.0	223.0	293.0	280.0	316.0	114.0
HRR227309	242.0	143.0	164.0	144.0	144.0	143.0	159.0	131.0	131.0	126.0	129.0	164.0	165.0	164.0	154.0	152.0	154.0	246.0	139.0	158.0	144.0	133.0	140.0	125.0	232.0	164.0	333.0	159.0	197.0	131.0	177.0	0.0	138.0	135.0	263.0	267.0	264.0	287.0	295.0	255.0	288.0	326.0	198.0	300.0	190.0	256.0	285.0	247.0	278.0	302.0	255.0	264.0	351.0	268.0	278.0	301.0	211.0	246.0	275.0	242.0	273.0	211.0	304.0	266.0	261.0	256.0	265.0	190.0	264.0	283.0	214.0	287.0	294.0	267.0	287.0	300.0	202.0	313.0	261.0	194.0	290.0	150.0	285.0	288.0	294.0	296.0	266.0	250.0	206.0	195.0	296.0	206.0	284.0	226.0	217.0	317.0	286.0	270.0	290.0	304.0	308.0	266.0	210.0	328.0	313.0	185.0	281.0	318.0	183.0	227.0	298.0	299.0	320.0	355.0	196.0	304.0	343.0	151.0	265.0	218.0	206.0	289.0	259.0	312.0	103.0
HRR227310	223.0	114.0	139.0	111.0	123.0	112.0	114.0	102.0	96.0	94.0	95.0	126.0	142.0	143.0	126.0	110.0	120.0	242.0	102.0	127.0	104.0	97.0	98.0	98.0	215.0	134.0	314.0	134.0	173.0	91.0	152.0	138.0	0.0	106.0	234.0	238.0	243.0	261.0	266.0	230.0	287.0	311.0	162.0	280.0	161.0	245.0	271.0	220.0	249.0	285.0	250.0	242.0	331.0	247.0	257.0	288.0	189.0	221.0	244.0	227.0	248.0	174.0	285.0	231.0	230.0	241.0	243.0	154.0	250.0	267.0	172.0	265.0	267.0	250.0	274.0	275.0	183.0	293.0	244.0	162.0	266.0	120.0	272.0	261.0	290.0	290.0	257.0	231.0	173.0	162.0	272.0	176.0	263.0	177.0	179.0	290.0	274.0	270.0	279.0	278.0	278.0	253.0	183.0	306.0	294.0	145.0	256.0	299.0	142.0	200.0	292.0	289.0	310.0	336.0	177.0	298.0	320.0	121.0	238.0	186.0	180.0	265.0	261.0	287.0	58.0
HRR227311	223.0	118.0	145.0	120.0	121.0	113.0	124.0	108.0	104.0	102.0	93.0	127.0	144.0	138.0	121.0	129.0	118.0	239.0	115.0	133.0	117.0	98.0	117.0	99.0	215.0	140.0	311.0	150.0	162.0	98.0	157.0	135.0	106.0	0.0	242.0	240.0	240.0	261.0	275.0	239.0	286.0	306.0	164.0	284.0	164.0	232.0	282.0	222.0	259.0	277.0	255.0	238.0	342.0	241.0	266.0	292.0	191.0	215.0	253.0	224.0	258.0	180.0	291.0	234.0	244.0	233.0	252.0	160.0	246.0	260.0	176.0	260.0	278.0	254.0	260.0	273.0	176.0	293.0	249.0	168.0	266.0	117.0	267.0	261.0	290.0	277.0	249.0	236.0	174.0	168.0	267.0	192.0	266.0	188.0	193.0	290.0	266.0	272.0	274.0	283.0	285.0	254.0	183.0	313.0	297.0	159.0	269.0	301.0	143.0	209.0	298.0	275.0	312.0	338.0	173.0	293.0	319.0	124.0	254.0	200.0	184.0	266.0	252.0	286.0	68.0
HRR227312	296.0	248.0	261.0	236.0	257.0	244.0	248.0	228.0	241.0	228.0	237.0	246.0	273.0	259.0	267.0	246.0	259.0	271.0	245.0	261.0	248.0	231.0	246.0	234.0	253.0	268.0	358.0	265.0	279.0	231.0	266.0	263.0	234.0	242.0	0.0	244.0	244.0	268.0	289.0	243.0	281.0	295.0	219.0	280.0	220.0	247.0	274.0	220.0	257.0	275.0	243.0	266.0	341.0	244.0	268.0	287.0	236.0	259.0	253.0	253.0	242.0	247.0	281.0	252.0	248.0	249.0	255.0	219.0	258.0	261.0	229.0	264.0	275.0	247.0	272.0	274.0	242.0	310.0	261.0	226.0	260.0	246.0	281.0	281.0	297.0	306.0	268.0	249.0	241.0	238.0	276.0	225.0	256.0	253.0	244.0	308.0	292.0	271.0	279.0	264.0	267.0	259.0	246.0	326.0	290.0	267.0	269.0	309.0	261.0	242.0	286.0	291.0	328.0	322.0	283.0	311.0	305.0	242.0	266.0	236.0	226.0	255.0	257.0	276.0	209.0
HRR227313	291.0	248.0	273.0	247.0	254.0	247.0	242.0	239.0	232.0	235.0	240.0	249.0	268.0	257.0	256.0	258.0	256.0	231.0	249.0	257.0	245.0	234.0	251.0	237.0	228.0	268.0	342.0	264.0	291.0	233.0	263.0	267.0	238.0	240.0	244.0	0.0	196.0	218.0	287.0	204.0	268.0	260.0	223.0	219.0	214.0	242.0	251.0	206.0	210.0	226.0	203.0	274.0	323.0	203.0	249.0	260.0	235.0	216.0	216.0	234.0	218.0	234.0	249.0	189.0	209.0	216.0	243.0	220.0	195.0	236.0	228.0	237.0	212.0	234.0	221.0	226.0	226.0	279.0	259.0	226.0	231.0	245.0	253.0	256.0	258.0	269.0	240.0	270.0	226.0	249.0	224.0	229.0	246.0	264.0	228.0	264.0	278.0	267.0	243.0	216.0	261.0	264.0	237.0	295.0	243.0	269.0	231.0	258.0	258.0	228.0	267.0	243.0	327.0	298.0	264.0	262.0	301.0	261.0	246.0	254.0	231.0	218.0	230.0	250.0	211.0
HRR227314	310.0	252.0	265.0	241.0	262.0	240.0	246.0	234.0	236.0	243.0	238.0	249.0	267.0	257.0	265.0	256.0	252.0	237.0	242.0	259.0	251.0	243.0	253.0	237.0	226.0	267.0	361.0	269.0	297.0	233.0	284.0	264.0	243.0	240.0	244.0	196.0	0.0	225.0	270.0	220.0	272.0	260.0	232.0	238.0	224.0	236.0	247.0	219.0	237.0	251.0	204.0	264.0	315.0	221.0	261.0	270.0	228.0	217.0	219.0	246.0	215.0	241.0	254.0	208.0	219.0	204.0	257.0	224.0	208.0	240.0	224.0	237.0	229.0	257.0	237.0	236.0	231.0	287.0	247.0	225.0	215.0	249.0	250.0	263.0	236.0	250.0	243.0	259.0	238.0	240.0	241.0	226.0	235.0	246.0	226.0	268.0	281.0	254.0	240.0	211.0	257.0	252.0	234.0	283.0	242.0	269.0	229.0	262.0	256.0	223.0	252.0	268.0	317.0	291.0	280.0	259.0	280.0	261.0	236.0	231.0	232.0	229.0	252.0	248.0	216.0
HRR227315	318.0	266.0	294.0	252.0	271.0	268.0	263.0	261.0	256.0	258.0	264.0	275.0	294.0	286.0	282.0	273.0	266.0	261.0	258.0	275.0	273.0	260.0	271.0	261.0	242.0	283.0	370.0	286.0	314.0	262.0	300.0	287.0	261.0	261.0	268.0	218.0	225.0	0.0	306.0	177.0	246.0	280.0	239.0	234.0	237.0	262.0	273.0	215.0	242.0	251.0	193.0	287.0	299.0	208.0	254.0	280.0	239.0	228.0	225.0	249.0	221.0	253.0	255.0	211.0	231.0	229.0	268.0	251.0	229.0	241.0	240.0	257.0	254.0	251.0	241.0	236.0	253.0	292.0	271.0	243.0	231.0	270.0	286.0	279.0	259.0	264.0	273.0	287.0	252.0	245.0	246.0	253.0	260.0	263.0	254.0	266.0	269.0	274.0	250.0	221.0	279.0	273.0	272.0	309.0	266.0	293.0	227.0	279.0	279.0	259.0	265.0	245.0	332.0	298.0	291.0	267.0	292.0	272.0	269.0	257.0	264.0	224.0	264.0	263.0	237.0
HRR227316	340.0	273.0	286.0	279.0	289.0	273.0	268.0	265.0	275.0	268.0	267.0	278.0	316.0	299.0	291.0	278.0	281.0	297.0	278.0	296.0	277.0	268.0	273.0	275.0	277.0	291.0	380.0	284.0	316.0	269.0	316.0	295.0	266.0	275.0	289.0	287.0	270.0	306.0	0.0	291.0	325.0	322.0	257.0	317.0	264.0	285.0	301.0	286.0	300.0	294.0	283.0	317.0	385.0	300.0	307.0	317.0	282.0	286.0	295.0	278.0	278.0	283.0	320.0	284.0	289.0	284.0	295.0	268.0	290.0	286.0	268.0	297.0	319.0	299.0	305.0	306.0	275.0	313.0	299.0	271.0	284.0	282.0	289.0	301.0	303.0	308.0	293.0	305.0	277.0	270.0	302.0	272.0	299.0	297.0	282.0	311.0	315.0	297.0	291.0	301.0	298.0	288.0	283.0	332.0	330.0	298.0	286.0	311.0	290.0	262.0	314.0	309.0	378.0	353.0	299.0	321.0	338.0	291.0	286.0	293.0	271.0	289.0	304.0	308.0	250.0
HRR227317	286.0	244.0	266.0	238.0	255.0	240.0	248.0	239.0	235.0	230.0	233.0	250.0	266.0	261.0	252.0	245.0	246.0	240.0	243.0	259.0	241.0	229.0	245.0	231.0	235.0	269.0	343.0	257.0	278.0	235.0	276.0	255.0	230.0	239.0	243.0	204.0	220.0	177.0	291.0	0.0	244.0	264.0	221.0	215.0	214.0	250.0	258.0	195.0	222.0	235.0	175.0	272.0	308.0	190.0	230.0	268.0	223.0	197.0	230.0	227.0	197.0	240.0	235.0	198.0	226.0	212.0	249.0	214.0	222.0	241.0	219.0	232.0	225.0	235.0	242.0	223.0	235.0	290.0	258.0	213.0	240.0	248.0	266.0	256.0	250.0	254.0	238.0	280.0	226.0	224.0	229.0	230.0	237.0	254.0	237.0	268.0	258.0	255.0	233.0	208.0	270.0	263.0	249.0	295.0	259.0	264.0	216.0	257.0	253.0	230.0	238.0	238.0	317.0	289.0	274.0	253.0	286.0	248.0	255.0	230.0	228.0	215.0	231.0	243.0	209.0
HRR227318	340.0	287.0	307.0	287.0	295.0	280.0	284.0	274.0	277.0	274.0	283.0	295.0	305.0	308.0	303.0	302.0	308.0	284.0	284.0	305.0	293.0	278.0	291.0	284.0	279.0	307.0	386.0	305.0	337.0	277.0	315.0	288.0	287.0	286.0	281.0	268.0	272.0	246.0	325.0	244.0	0.0	320.0	277.0	255.0	264.0	310.0	311.0	262.0	270.0	286.0	258.0	316.0	338.0	253.0	296.0	309.0	291.0	266.0	255.0	279.0	266.0	285.0	277.0	259.0	271.0	265.0	305.0	283.0	281.0	287.0	272.0	303.0	296.0	292.0	299.0	281.0	283.0	339.0	306.0	283.0	276.0	288.0	312.0	317.0	305.0	307.0	296.0	297.0	287.0	284.0	296.0	277.0	285.0	308.0	283.0	298.0	315.0	292.0	279.0	274.0	299.0	307.0	297.0	326.0	306.0	304.0	279.0	311.0	302.0	277.0	298.0	273.0	358.0	317.0	309.0	304.0	335.0	298.0	286.0	291.0	284.0	275.0	295.0	301.0	254.0
HRR227319	353.0	318.0	327.0	309.0	306.0	310.0	315.0	302.0	311.0	315.0	313.0	326.0	346.0	323.0	319.0	322.0	321.0	301.0	304.0	325.0	301.0	308.0	313.0	312.0	301.0	336.0	401.0	323.0	349.0	309.0	329.0	326.0	311.0	306.0	295.0	260.0	260.0	280.0	322.0	264.0	320.0	0.0	284.0	285.0	282.0	275.0	283.0	258.0	258.0	267.0	256.0	319.0	350.0	270.0	301.0	322.0	296.0	271.0	286.0	311.0	271.0	288.0	300.0	270.0	282.0	270.0	312.0	297.0	260.0	288.0	297.0	299.0	291.0	298.0	267.0	273.0	289.0	304.0	299.0	274.0	290.0	324.0	297.0	317.0	319.0	294.0	297.0	311.0	291.0	301.0	302.0	284.0	296.0	313.0	296.0	299.0	311.0	314.0	304.0	269.0	315.0	257.0	299.0	342.0	301.0	333.0	282.0	293.0	321.0	283.0	294.0	305.0	372.0	331.0	327.0	306.0	316.0	320.0	293.0	299.0	283.0	253.0	298.0	269.0	288.0
HRR227320	263.0	175.0	192.0	165.0	191.0	174.0	175.0	163.0	151.0	152.0	156.0	189.0	202.0	187.0	191.0	176.0	180.0	219.0	166.0	178.0	169.0	160.0	170.0	161.0	211.0	201.0	334.0	182.0	225.0	163.0	194.0	198.0	162.0	164.0	219.0	223.0	232.0	239.0	257.0	221.0	277.0	284.0	0.0	268.0	138.0	218.0	247.0	214.0	253.0	252.0	220.0	243.0	310.0	220.0	243.0	271.0	172.0	214.0	233.0	206.0	242.0	164.0	272.0	220.0	220.0	225.0	228.0	162.0	215.0	232.0	151.0	243.0	255.0	227.0	242.0	252.0	155.0	267.0	234.0	153.0	243.0	180.0	258.0	244.0	252.0	258.0	242.0	237.0	152.0	160.0	250.0	161.0	244.0	171.0	175.0	264.0	246.0	253.0	255.0	251.0	260.0	240.0	176.0	295.0	265.0	184.0	239.0	274.0	181.0	203.0	270.0	257.0	322.0	311.0	185.0	271.0	296.0	175.0	226.0	176.0	161.0	242.0	228.0	270.0	126.0
HRR227321	325.0	289.0	316.0	282.0	296.0	277.0	277.0	276.0	269.0	270.0	276.0	293.0	310.0	291.0	291.0	294.0	297.0	275.0	281.0	299.0	272.0	274.0	293.0	273.0	279.0	299.0	373.0	301.0	318.0	272.0	319.0	300.0	280.0	284.0	280.0	219.0	238.0	234.0	317.0	215.0	255.0	285.0	268.0	0.0	257.0	274.0	274.0	232.0	248.0	269.0	215.0	306.0	330.0	231.0	278.0	272.0	271.0	242.0	213.0	278.0	228.0	254.0	270.0	218.0	263.0	225.0	280.0	262.0	235.0	263.0	257.0	275.0	251.0	263.0	266.0	270.0	272.0	309.0	280.0	246.0	251.0	295.0	297.0	296.0	279.0	289.0	270.0	304.0	275.0	272.0	256.0	272.0	261.0	293.0	267.0	282.0	296.0	283.0	252.0	237.0	284.0	300.0	283.0	288.0	281.0	306.0	254.0	279.0	297.0	259.0	266.0	262.0	346.0	312.0	319.0	279.0	300.0	288.0	285.0	280.0	262.0	241.0	265.0	270.0	249.0
HRR227322	271.0	170.0	192.0	175.0	179.0	173.0	171.0	165.0	151.0	146.0	154.0	180.0	201.0	192.0	188.0	178.0	182.0	227.0	169.0	189.0	171.0	148.0	157.0	150.0	210.0	195.0	351.0	200.0	218.0	158.0	185.0	190.0	161.0	164.0	220.0	214.0	224.0	237.0	264.0	214.0	264.0	282.0	138.0	257.0	0.0	225.0	257.0	200.0	235.0	255.0	223.0	248.0	321.0	214.0	251.0	272.0	155.0	213.0	228.0	213.0	240.0	167.0	273.0	212.0	218.0	219.0	223.0	140.0	222.0	249.0	142.0	245.0	243.0	216.0	247.0	251.0	162.0	280.0	241.0	153.0	255.0	181.0	253.0	256.0	259.0	273.0	237.0	228.0	166.0	161.0	256.0	162.0	240.0	184.0	177.0	277.0	243.0	271.0	255.0	247.0	258.0	236.0	170.0	292.0	272.0	185.0	238.0	275.0	182.0	195.0	277.0	253.0	313.0	315.0	200.0	270.0	306.0	183.0	240.0	166.0	172.0	248.0	236.0	263.0	121.0
HRR227323	303.0	246.0	272.0	245.0	263.0	239.0	246.0	238.0	237.0	238.0	240.0	266.0	279.0	262.0	241.0	241.0	258.0	245.0	245.0	255.0	247.0	239.0	242.0	245.0	229.0	276.0	354.0	264.0	287.0	239.0	278.0	256.0	245.0	232.0	247.0	242.0	236.0	262.0	285.0	250.0	310.0	275.0	218.0	274.0	225.0	0.0	252.0	227.0	270.0	270.0	231.0	261.0	325.0	234.0	277.0	272.0	238.0	249.0	241.0	243.0	246.0	236.0	273.0	240.0	236.0	253.0	256.0	221.0	237.0	253.0	234.0	244.0	274.0	253.0	250.0	270.0	233.0	284.0	264.0	230.0	256.0	260.0	261.0	225.0	274.0	267.0	259.0	251.0	227.0	246.0	263.0	235.0	274.0	244.0	245.0	284.0	270.0	261.0	265.0	247.0	292.0	245.0	257.0	293.0	275.0	258.0	260.0	281.0	252.0	214.0	282.0	286.0	336.0	305.0	261.0	291.0	295.0	258.0	250.0	243.0	241.0	260.0	260.0	268.0	217.0
HRR227324	311.0	276.0	289.0	271.0	287.0	270.0	270.0	268.0	265.0	266.0	274.0	294.0	296.0	293.0	294.0	291.0	276.0	255.0	269.0	293.0	284.0	274.0	284.0	278.0	265.0	306.0	355.0	295.0	325.0	270.0	298.0	285.0	271.0	282.0	274.0	251.0	247.0	273.0	301.0	258.0	311.0	283.0	247.0	274.0	257.0	252.0	0.0	249.0	269.0	279.0	232.0	286.0	341.0	260.0	288.0	294.0	261.0	252.0	242.0	263.0	260.0	255.0	284.0	237.0	238.0	257.0	292.0	252.0	235.0	291.0	264.0	278.0	268.0	277.0	270.0	270.0	266.0	299.0	284.0	260.0	276.0	282.0	288.0	283.0	292.0	296.0	264.0	283.0	271.0	268.0	284.0	262.0	266.0	273.0	283.0	294.0	300.0	280.0	261.0	266.0	298.0	263.0	279.0	327.0	279.0	308.0	272.0	279.0	281.0	246.0	289.0	298.0	358.0	305.0	296.0	292.0	297.0	292.0	270.0	283.0	262.0	273.0	292.0	288.0	252.0
HRR227325	286.0	228.0	236.0	224.0	237.0	221.0	226.0	211.0	214.0	219.0	214.0	237.0	253.0	245.0	242.0	234.0	239.0	236.0	222.0	236.0	225.0	212.0	226.0	219.0	213.0	244.0	349.0	253.0	265.0	215.0	265.0	247.0	220.0	222.0	220.0	206.0	219.0	215.0	286.0	195.0	262.0	258.0	214.0	232.0	200.0	227.0	249.0	0.0	227.0	235.0	214.0	261.0	303.0	196.0	241.0	255.0	226.0	219.0	228.0	228.0	217.0	222.0	249.0	199.0	206.0	207.0	240.0	203.0	198.0	245.0	218.0	242.0	223.0	225.0	227.0	229.0	230.0	283.0	244.0	211.0	229.0	232.0	262.0	259.0	254.0	251.0	225.0	270.0	216.0	231.0	246.0	226.0	222.0	238.0	229.0	277.0	274.0	249.0	239.0	226.0	260.0	257.0	227.0	291.0	256.0	254.0	228.0	279.0	253.0	219.0	265.0	250.0	341.0	284.0	264.0	261.0	292.0	230.0	243.0	235.0	212.0	208.0	247.0	231.0	187.0
HRR227326	324.0	268.0	275.0	258.0	266.0	264.0	260.0	253.0	262.0	248.0	258.0	275.0	289.0	275.0	265.0	273.0	278.0	247.0	259.0	277.0	247.0	251.0	258.0	265.0	259.0	282.0	366.0	278.0	292.0	244.0	291.0	278.0	249.0	259.0	257.0	210.0	237.0	242.0	300.0	222.0	270.0	258.0	253.0	248.0	235.0	270.0	269.0	227.0	0.0	221.0	234.0	270.0	317.0	229.0	258.0	281.0	257.0	221.0	235.0	263.0	233.0	251.0	264.0	221.0	220.0	218.0	255.0	247.0	234.0	252.0	255.0	266.0	249.0	256.0	234.0	248.0	259.0	287.0	280.0	244.0	259.0	267.0	269.0	288.0	278.0	274.0	257.0	284.0	251.0	248.0	254.0	253.0	267.0	277.0	252.0	292.0	290.0	281.0	259.0	246.0	299.0	271.0	262.0	318.0	268.0	286.0	258.0	277.0	278.0	248.0	271.0	276.0	329.0	298.0	284.0	268.0	304.0	273.0	274.0	262.0	254.0	249.0	246.0	250.0	231.0
HRR227327	321.0	289.0	295.0	276.0	297.0	288.0	280.0	274.0	278.0	274.0	288.0	297.0	316.0	290.0	299.0	296.0	295.0	264.0	278.0	292.0	294.0	269.0	296.0	289.0	254.0	299.0	349.0	293.0	320.0	284.0	318.0	302.0	285.0	277.0	275.0	226.0	251.0	251.0	294.0	235.0	286.0	267.0	252.0	269.0	255.0	270.0	279.0	235.0	221.0	0.0	225.0	308.0	330.0	226.0	273.0	279.0	252.0	235.0	246.0	270.0	234.0	260.0	266.0	229.0	223.0	239.0	266.0	264.0	242.0	248.0	260.0	259.0	270.0	262.0	232.0	253.0	265.0	307.0	283.0	263.0	258.0	288.0	294.0	276.0	289.0	257.0	269.0	304.0	258.0	274.0	262.0	267.0	263.0	300.0	280.0	295.0	298.0	280.0	268.0	253.0	293.0	267.0	273.0	335.0	285.0	293.0	254.0	293.0	301.0	257.0	289.0	274.0	349.0	335.0	303.0	279.0	313.0	295.0	274.0	273.0	267.0	237.0	278.0	246.0	260.0
HRR227328	289.0	248.0	280.0	245.0	264.0	249.0	260.0	236.0	249.0	242.0	248.0	263.0	269.0	274.0	265.0	255.0	269.0	217.0	251.0	263.0	259.0	249.0	252.0	251.0	218.0	263.0	335.0	262.0	296.0	248.0	292.0	255.0	250.0	255.0	243.0	203.0	204.0	193.0	283.0	175.0	258.0	256.0	220.0	215.0	223.0	231.0	232.0	214.0	234.0	225.0	0.0	262.0	303.0	184.0	241.0	267.0	230.0	204.0	205.0	227.0	188.0	237.0	226.0	209.0	219.0	196.0	252.0	233.0	210.0	224.0	229.0	241.0	227.0	228.0	221.0	221.0	242.0	261.0	252.0	207.0	224.0	259.0	272.0	247.0	239.0	244.0	236.0	257.0	233.0	225.0	224.0	226.0	242.0	257.0	236.0	265.0	257.0	238.0	203.0	206.0	252.0	253.0	249.0	292.0	247.0	276.0	201.0	239.0	264.0	228.0	235.0	236.0	331.0	292.0	281.0	242.0	263.0	260.0	253.0	236.0	234.0	216.0	232.0	243.0	225.0
HRR227329	310.0	251.0	252.0	249.0	253.0	242.0	237.0	241.0	246.0	241.0	245.0	257.0	268.0	271.0	264.0	257.0	260.0	264.0	235.0	252.0	257.0	231.0	235.0	236.0	261.0	268.0	379.0	256.0	284.0	240.0	279.0	264.0	242.0	238.0	266.0	274.0	264.0	287.0	317.0	272.0	316.0	319.0	243.0	306.0	248.0	261.0	286.0	261.0	270.0	308.0	262.0	0.0	348.0	289.0	300.0	311.0	247.0	251.0	265.0	251.0	279.0	244.0	304.0	275.0	266.0	255.0	274.0	230.0	286.0	275.0	254.0	275.0	301.0	260.0	282.0	293.0	261.0	296.0	274.0	243.0	304.0	251.0	289.0	261.0	297.0	302.0	268.0	278.0	252.0	245.0	304.0	254.0	283.0	251.0	270.0	314.0	293.0	274.0	284.0	290.0	308.0	288.0	253.0	325.0	281.0	262.0	292.0	304.0	258.0	254.0	308.0	299.0	336.0	301.0	279.0	313.0	318.0	257.0	280.0	264.0	256.0	279.0	267.0	317.0	213.0
HRR227330	376.0	340.0	361.0	331.0	347.0	334.0	339.0	332.0	330.0	335.0	334.0	351.0	371.0	344.0	345.0	339.0	356.0	328.0	335.0	329.0	340.0	326.0	335.0	331.0	326.0	358.0	422.0	346.0	382.0	326.0	369.0	351.0	331.0	342.0	341.0	323.0	315.0	299.0	385.0	308.0	338.0	350.0	310.0	330.0	321.0	325.0	341.0	303.0	317.0	330.0	303.0	348.0	0.0	299.0	326.0	355.0	329.0	302.0	306.0	316.0	296.0	306.0	342.0	306.0	304.0	320.0	338.0	329.0	307.0	312.0	327.0	352.0	333.0	333.0	321.0	303.0	335.0	376.0	355.0	318.0	317.0	349.0	351.0	350.0	336.0	346.0	353.0	344.0	329.0	331.0	349.0	328.0	351.0	345.0	331.0	341.0	359.0	331.0	340.0	320.0	356.0	348.0	347.0	372.0	351.0	356.0	331.0	375.0	352.0	333.0	345.0	339.0	404.0	364.0	373.0	348.0	358.0	355.0	340.0	339.0	333.0	314.0	324.0	337.0	305.0
HRR227331	297.0	261.0	280.0	244.0	254.0	247.0	243.0	241.0	243.0	242.0	239.0	258.0	268.0	262.0	261.0	255.0	253.0	266.0	252.0	262.0	246.0	229.0	250.0	233.0	218.0	268.0	356.0	262.0	297.0	231.0	278.0	268.0	247.0	241.0	244.0	203.0	221.0	208.0	300.0	190.0	253.0	270.0	220.0	231.0	214.0	234.0	260.0	196.0	229.0	226.0	184.0	289.0	299.0	0.0	250.0	265.0	224.0	228.0	224.0	230.0	213.0	231.0	254.0	224.0	188.0	224.0	261.0	226.0	216.0	250.0	216.0	251.0	246.0	232.0	216.0	229.0	238.0	283.0	259.0	230.0	235.0	257.0	277.0	259.0	246.0	257.0	260.0	259.0	238.0	232.0	237.0	231.0	244.0	248.0	231.0	267.0	262.0	266.0	233.0	223.0	273.0	259.0	247.0	294.0	264.0	265.0	213.0	269.0	262.0	232.0	252.0	261.0	332.0	282.0	273.0	249.0	288.0	261.0	251.0	232.0	226.0	223.0	245.0	248.0	215.0
HRR227332	300.0	267.0	280.0	262.0	273.0	261.0	257.0	255.0	263.0	252.0	259.0	272.0	296.0	283.0	279.0	268.0	270.0	261.0	263.0	270.0	258.0	252.0	257.0	258.0	249.0	288.0	353.0	272.0	298.0	263.0	288.0	278.0	257.0	266.0	268.0	249.0	261.0	254.0	307.0	230.0	296.0	301.0	243.0	278.0	251.0	277.0	288.0	241.0	258.0	273.0	241.0	300.0	326.0	250.0	0.0	303.0	259.0	236.0	258.0	261.0	238.0	254.0	298.0	260.0	252.0	257.0	284.0	261.0	253.0	265.0	260.0	287.0	279.0	264.0	258.0	274.0	267.0	310.0	283.0	259.0	279.0	258.0	289.0	284.0	293.0	299.0	277.0	288.0	260.0	254.0	282.0	251.0	281.0	295.0	269.0	313.0	314.0	274.0	270.0	262.0	295.0	277.0	277.0	335.0	309.0	283.0	271.0	292.0	280.0	264.0	292.0	275.0	330.0	343.0	301.0	304.0	309.0	270.0	279.0	266.0	262.0	266.0	274.0	283.0	234.0
HRR227333	348.0	294.0	304.0	292.0	309.0	295.0	291.0	292.0	278.0	275.0	290.0	302.0	324.0	306.0	308.0	297.0	297.0	295.0	291.0	304.0	286.0	279.0	297.0	289.0	287.0	325.0	382.0	294.0	330.0	277.0	331.0	301.0	288.0	292.0	287.0	260.0	270.0	280.0	317.0	268.0	309.0	322.0	271.0	272.0	272.0	272.0	294.0	255.0	281.0	279.0	267.0	311.0	355.0	265.0	303.0	0.0	282.0	272.0	270.0	282.0	256.0	268.0	311.0	257.0	265.0	259.0	299.0	280.0	264.0	287.0	271.0	289.0	285.0	290.0	270.0	290.0	284.0	310.0	304.0	259.0	282.0	303.0	291.0	298.0	287.0	288.0	274.0	317.0	276.0	285.0	303.0	271.0	287.0	293.0	281.0	322.0	325.0	287.0	283.0	294.0	308.0	299.0	287.0	343.0	314.0	308.0	286.0	307.0	305.0	288.0	295.0	298.0	360.0	343.0	322.0	306.0	333.0	302.0	290.0	285.0	275.0	288.0	287.0	298.0	260.0
HRR227334	292.0	199.0	222.0	202.0	214.0	198.0	194.0	192.0	183.0	178.0	187.0	217.0	211.0	219.0	231.0	215.0	209.0	248.0	195.0	223.0	201.0	184.0	194.0	190.0	232.0	217.0	354.0	224.0	243.0	179.0	230.0	211.0	189.0	191.0	236.0	235.0	228.0	239.0	282.0	223.0	291.0	296.0	172.0	271.0	155.0	238.0	261.0	226.0	257.0	252.0	230.0	247.0	329.0	224.0	259.0	282.0	0.0	218.0	239.0	221.0	246.0	180.0	283.0	241.0	233.0	227.0	256.0	170.0	232.0	248.0	163.0	256.0	258.0	241.0	257.0	270.0	167.0	279.0	235.0	172.0	247.0	199.0	274.0	247.0	274.0	275.0	258.0	237.0	186.0	175.0	257.0	166.0	266.0	193.0	187.0	275.0	256.0	264.0	240.0	258.0	271.0	245.0	184.0	283.0	279.0	201.0	240.0	280.0	207.0	221.0	288.0	262.0	323.0	317.0	223.0	279.0	304.0	203.0	238.0	180.0	176.0	259.0	249.0	279.0	160.0
HRR227335	285.0	228.0	246.0	225.0	223.0	224.0	226.0	225.0	216.0	209.0	210.0	236.0	266.0	247.0	228.0	236.0	232.0	222.0	228.0	239.0	221.0	212.0	232.0	220.0	227.0	249.0	319.0	240.0	279.0	215.0	265.0	246.0	221.0	215.0	259.0	216.0	217.0	228.0	286.0	197.0	266.0	271.0	214.0	242.0	213.0	249.0	252.0	219.0	221.0	235.0	204.0	251.0	302.0	228.0	236.0	272.0	218.0	0.0	220.0	234.0	221.0	214.0	246.0	218.0	219.0	212.0	232.0	216.0	229.0	243.0	222.0	250.0	236.0	239.0	244.0	249.0	231.0	293.0	256.0	220.0	243.0	229.0	260.0	256.0	276.0	264.0	245.0	269.0	217.0	227.0	256.0	235.0	258.0	251.0	226.0	279.0	269.0	232.0	247.0	247.0	270.0	254.0	241.0	301.0	261.0	255.0	246.0	262.0	250.0	214.0	277.0	249.0	316.0	298.0	256.0	277.0	284.0	233.0	252.0	232.0	227.0	227.0	261.0	267.0	192.0
HRR227336	319.0	265.0	270.0	252.0	271.0	251.0	246.0	246.0	243.0	243.0	248.0	270.0	287.0	271.0	268.0	257.0	270.0	249.0	246.0	263.0	249.0	251.0	263.0	252.0	241.0	278.0	367.0	257.0	298.0	250.0	283.0	275.0	244.0	253.0	253.0	216.0	219.0	225.0	295.0	230.0	255.0	286.0	233.0	213.0	228.0	241.0	242.0	228.0	235.0	246.0	205.0	265.0	306.0	224.0	258.0	270.0	239.0	220.0	0.0	250.0	208.0	233.0	262.0	212.0	226.0	216.0	264.0	243.0	228.0	245.0	231.0	273.0	249.0	263.0	247.0	229.0	238.0	290.0	271.0	236.0	244.0	263.0	275.0	267.0	256.0	275.0	269.0	262.0	241.0	242.0	256.0	233.0	259.0	260.0	241.0	269.0	288.0	268.0	216.0	232.0	254.0	264.0	255.0	296.0	258.0	279.0	240.0	254.0	278.0	250.0	281.0	256.0	334.0	288.0	278.0	271.0	259.0	272.0	255.0	261.0	236.0	217.0	275.0	262.0	219.0
HRR227337	284.0	230.0	245.0	219.0	244.0	217.0	223.0	215.0	217.0	218.0	219.0	233.0	261.0	247.0	237.0	231.0	242.0	241.0	223.0	239.0	234.0	214.0	236.0	226.0	227.0	241.0	354.0	245.0	271.0	220.0	254.0	242.0	227.0	224.0	253.0	234.0	246.0	249.0	278.0	227.0	279.0	311.0	206.0	278.0	213.0	243.0	263.0	228.0	263.0	270.0	227.0	251.0	316.0	230.0	261.0	282.0	221.0	234.0	250.0	0.0	241.0	215.0	285.0	245.0	233.0	230.0	253.0	214.0	237.0	249.0	214.0	238.0	274.0	231.0	270.0	270.0	227.0	295.0	244.0	216.0	260.0	228.0	275.0	242.0	273.0	260.0	253.0	264.0	207.0	221.0	250.0	219.0	274.0	234.0	234.0	297.0	242.0	260.0	254.0	265.0	272.0	260.0	227.0	316.0	281.0	247.0	254.0	282.0	243.0	212.0	267.0	272.0	329.0	317.0	265.0	292.0	318.0	242.0	254.0	235.0	213.0	270.0	244.0	282.0	195.0
HRR227338	303.0	266.0	282.0	252.0	262.0	257.0	256.0	253.0	245.0	248.0	250.0	273.0	290.0	273.0	270.0	268.0	264.0	248.0	268.0	278.0	261.0	244.0	260.0	252.0	239.0	285.0	342.0	268.0	305.0	246.0	295.0	273.0	248.0	258.0	242.0	218.0	215.0	221.0	278.0	197.0	266.0	271.0	242.0	228.0	240.0	246.0	260.0	217.0	233.0	234.0	188.0	279.0	296.0	213.0	238.0	256.0	246.0	221.0	208.0	241.0	0.0	241.0	248.0	201.0	226.0	203.0	252.0	241.0	219.0	243.0	240.0	246.0	246.0	242.0	234.0	234.0	250.0	294.0	264.0	237.0	219.0	262.0	260.0	257.0	228.0	250.0	254.0	260.0	239.0	254.0	238.0	232.0	218.0	266.0	247.0	271.0	281.0	247.0	214.0	216.0	252.0	269.0	256.0	307.0	268.0	279.0	226.0	265.0	274.0	226.0	254.0	256.0	321.0	301.0	297.0	235.0	274.0	272.0	254.0	251.0	236.0	228.0	274.0	234.0	228.0
HRR227339	269.0	196.0	204.0	188.0	189.0	179.0	182.0	174.0	179.0	176.0	182.0	205.0	221.0	207.0	206.0	194.0	195.0	247.0	181.0	202.0	185.0	176.0	185.0	179.0	225.0	210.0	354.0	206.0	243.0	179.0	220.0	211.0	174.0	180.0	247.0	234.0	241.0	253.0	283.0	240.0	285.0	288.0	164.0	254.0	167.0	236.0	255.0	222.0	251.0	260.0	237.0	244.0	306.0	231.0	254.0	268.0	180.0	214.0	233.0	215.0	241.0	0.0	284.0	229.0	223.0	233.0	246.0	170.0	240.0	249.0	184.0	246.0	266.0	235.0	255.0	262.0	174.0	282.0	241.0	179.0	261.0	194.0	273.0	243.0	266.0	278.0	257.0	222.0	183.0	182.0	268.0	176.0	263.0	203.0	187.0	280.0	258.0	272.0	255.0	258.0	274.0	253.0	199.0	302.0	283.0	210.0	260.0	271.0	192.0	213.0	296.0	264.0	325.0	320.0	222.0	286.0	306.0	196.0	248.0	198.0	177.0	251.0	254.0	281.0	145.0
HRR227340	331.0	295.0	312.0	295.0	306.0	292.0	295.0	295.0	291.0	284.0	296.0	304.0	304.0	320.0	299.0	300.0	302.0	275.0	297.0	305.0	300.0	283.0	301.0	295.0	278.0	314.0	360.0	307.0	335.0	291.0	319.0	304.0	285.0	291.0	281.0	249.0	254.0	255.0	320.0	235.0	277.0	300.0	272.0	270.0	273.0	273.0	284.0	249.0	264.0	266.0	226.0	304.0	342.0	254.0	298.0	311.0	283.0	246.0	262.0	285.0	248.0	284.0	0.0	256.0	255.0	261.0	279.0	280.0	256.0	275.0	270.0	262.0	275.0	270.0	266.0	263.0	278.0	316.0	294.0	280.0	267.0	298.0	296.0	293.0	290.0	275.0	276.0	302.0	275.0	294.0	280.0	269.0	267.0	308.0	277.0	291.0	291.0	277.0	274.0	263.0	294.0	289.0	294.0	310.0	297.0	298.0	254.0	298.0	303.0	261.0	296.0	290.0	339.0	305.0	320.0	288.0	298.0	298.0	288.0	291.0	268.0	253.0	279.0	274.0	270.0
HRR227341	307.0	240.0	269.0	243.0	246.0	241.0	242.0	243.0	230.0	231.0	240.0	262.0	269.0	265.0	256.0	251.0	258.0	235.0	243.0	256.0	256.0	233.0	248.0	231.0	241.0	272.0	351.0	262.0	297.0	235.0	274.0	266.0	231.0	234.0	252.0	189.0	208.0	211.0	284.0	198.0	259.0	270.0	220.0	218.0	212.0	240.0	237.0	199.0	221.0	229.0	209.0	275.0	306.0	224.0	260.0	257.0	241.0	218.0	212.0	245.0	201.0	229.0	256.0	0.0	229.0	194.0	231.0	231.0	214.0	249.0	222.0	225.0	219.0	251.0	238.0	231.0	229.0	285.0	262.0	227.0	245.0	250.0	254.0	266.0	248.0	280.0	230.0	245.0	227.0	229.0	253.0	231.0	221.0	253.0	238.0	279.0	283.0	252.0	246.0	218.0	251.0	262.0	254.0	297.0	245.0	273.0	232.0	268.0	252.0	228.0	250.0	242.0	321.0	304.0	269.0	255.0	288.0	259.0	247.0	254.0	236.0	228.0	249.0	252.0	212.0
HRR227342	290.0	249.0	254.0	227.0	251.0	237.0	239.0	232.0	231.0	227.0	235.0	263.0	263.0	248.0	252.0	249.0	238.0	247.0	235.0	256.0	234.0	227.0	241.0	232.0	214.0	260.0	345.0	254.0	287.0	228.0	269.0	261.0	230.0	244.0	248.0	209.0	219.0	231.0	289.0	226.0	271.0	282.0	220.0	263.0	218.0	236.0	238.0	206.0	220.0	223.0	219.0	266.0	304.0	188.0	252.0	265.0	233.0	219.0	226.0	233.0	226.0	223.0	255.0	229.0	0.0	228.0	238.0	228.0	205.0	255.0	217.0	249.0	231.0	252.0	217.0	240.0	236.0	297.0	268.0	237.0	249.0	249.0	266.0	264.0	260.0	267.0	262.0	268.0	245.0	237.0	254.0	234.0	247.0	262.0	239.0	290.0	291.0	278.0	243.0	240.0	286.0	266.0	244.0	309.0	279.0	264.0	235.0	287.0	264.0	228.0	279.0	287.0	326.0	298.0	271.0	279.0	309.0	251.0	250.0	241.0	228.0	240.0	263.0	261.0	205.0
HRR227343	300.0	247.0	261.0	239.0	244.0	244.0	243.0	234.0	230.0	235.0	236.0	254.0	263.0	257.0	258.0	248.0	265.0	245.0	238.0	255.0	243.0	237.0	238.0	238.0	213.0	256.0	361.0	256.0	293.0	231.0	281.0	256.0	241.0	233.0	249.0	216.0	204.0	229.0	284.0	212.0	265.0	270.0	225.0	225.0	219.0	253.0	257.0	207.0	218.0	239.0	196.0	255.0	320.0	224.0	257.0	259.0	227.0	212.0	216.0	230.0	203.0	233.0	261.0	194.0	228.0	0.0	251.0	227.0	218.0	246.0	222.0	234.0	234.0	246.0	244.0	239.0	226.0	279.0	240.0	214.0	218.0	245.0	241.0	264.0	243.0	261.0	239.0	249.0	230.0	234.0	231.0	229.0	235.0	248.0	231.0	268.0	260.0	247.0	228.0	231.0	250.0	247.0	234.0	281.0	248.0	266.0	225.0	266.0	247.0	226.0	252.0	244.0	334.0	289.0	276.0	259.0	285.0	238.0	244.0	235.0	223.0	227.0	253.0	250.0	208.0
HRR227344	308.0	246.0	275.0	247.0	261.0	257.0	244.0	249.0	249.0	239.0	248.0	262.0	274.0	278.0	261.0	266.0	269.0	266.0	252.0	249.0	248.0	246.0	258.0	250.0	246.0	274.0	365.0	255.0	293.0	245.0	266.0	265.0	243.0	252.0	255.0	243.0	257.0	268.0	295.0	249.0	305.0	312.0	228.0	280.0	223.0	256.0	292.0	240.0	255.0	266.0	252.0	274.0	338.0	261.0	284.0	299.0	256.0	232.0	264.0	253.0	252.0	246.0	279.0	231.0	238.0	251.0	0.0	236.0	250.0	267.0	237.0	256.0	277.0	254.0	265.0	276.0	250.0	318.0	287.0	243.0	283.0	243.0	276.0	285.0	298.0	293.0	268.0	254.0	245.0	254.0	286.0	235.0	272.0	255.0	245.0	317.0	290.0	285.0	286.0	256.0	293.0	285.0	260.0	319.0	281.0	260.0	286.0	313.0	255.0	240.0	305.0	301.0	335.0	340.0	268.0	298.0	333.0	258.0	262.0	254.0	244.0	264.0	271.0	294.0	223.0
HRR227345	267.0	164.0	185.0	170.0	180.0	158.0	162.0	156.0	156.0	144.0	149.0	179.0	188.0	185.0	185.0	165.0	168.0	234.0	163.0	180.0	167.0	155.0	168.0	147.0	213.0	195.0	347.0	189.0	215.0	153.0	193.0	190.0	154.0	160.0	219.0	220.0	224.0	251.0	268.0	214.0	283.0	297.0	162.0	262.0	140.0	221.0	252.0	203.0	247.0	264.0	233.0	230.0	329.0	226.0	261.0	280.0	170.0	216.0	243.0	214.0	241.0	170.0	280.0	231.0	228.0	227.0	236.0	0.0	233.0	257.0	157.0	237.0	265.0	234.0	254.0	254.0	161.0	271.0	243.0	159.0	257.0	174.0	246.0	253.0	264.0	273.0	248.0	224.0	160.0	161.0	260.0	172.0	251.0	173.0	179.0	288.0	250.0	260.0	264.0	258.0	272.0	249.0	171.0	289.0	287.0	176.0	244.0	282.0	169.0	200.0	282.0	282.0	316.0	318.0	195.0	282.0	314.0	179.0	233.0	176.0	169.0	248.0	228.0	271.0	121.0
HRR227346	294.0	255.0	279.0	256.0	256.0	246.0	255.0	236.0	235.0	244.0	240.0	263.0	280.0	258.0	258.0	262.0	252.0	239.0	240.0	256.0	249.0	242.0	252.0	240.0	220.0	282.0	347.0	262.0	285.0	246.0	273.0	264.0	250.0	246.0	258.0	195.0	208.0	229.0	290.0	222.0	281.0	260.0	215.0	235.0	222.0	237.0	235.0	198.0	234.0	242.0	210.0	286.0	307.0	216.0	253.0	264.0	232.0	229.0	228.0	237.0	219.0	240.0	256.0	214.0	205.0	218.0	250.0	233.0	0.0	254.0	221.0	245.0	231.0	240.0	235.0	247.0	240.0	279.0	271.0	220.0	234.0	252.0	260.0	264.0	252.0	257.0	239.0	254.0	236.0	239.0	248.0	233.0	245.0	246.0	241.0	280.0	281.0	258.0	260.0	223.0	269.0	258.0	244.0	299.0	265.0	265.0	218.0	261.0	258.0	232.0	266.0	264.0	339.0	294.0	275.0	266.0	288.0	267.0	232.0	245.0	233.0	231.0	247.0	256.0	216.0
HRR227347	311.0	274.0	284.0	267.0	291.0	261.0	260.0	259.0	258.0	255.0	265.0	267.0	287.0	284.0	280.0	285.0	280.0	259.0	269.0	282.0	274.0	263.0	271.0	271.0	261.0	284.0	383.0	272.0	307.0	261.0	302.0	283.0	267.0	260.0	261.0	236.0	240.0	241.0	286.0	241.0	287.0	288.0	232.0	263.0	249.0	253.0	291.0	245.0	252.0	248.0	224.0	275.0	312.0	250.0	265.0	287.0	248.0	243.0	245.0	249.0	243.0	249.0	275.0	249.0	255.0	246.0	267.0	257.0	254.0	0.0	245.0	256.0	287.0	247.0	274.0	270.0	248.0	300.0	264.0	241.0	263.0	279.0	275.0	257.0	268.0	257.0	265.0	292.0	256.0	257.0	270.0	258.0	287.0	275.0	261.0	274.0	270.0	276.0	250.0	265.0	287.0	275.0	262.0	287.0	268.0	291.0	246.0	296.0	284.0	245.0	295.0	253.0	362.0	318.0	294.0	277.0	303.0	284.0	272.0	273.0	256.0	257.0	265.0	270.0	239.0
HRR227348	286.0	191.0	214.0	195.0	199.0	187.0	185.0	180.0	170.0	166.0	175.0	203.0	220.0	210.0	203.0	186.0	198.0	243.0	184.0	205.0	196.0	171.0	181.0	174.0	222.0	208.0	350.0	204.0	226.0	177.0	210.0	214.0	172.0	176.0	229.0	228.0	224.0	240.0	268.0	219.0	272.0	297.0	151.0	257.0	142.0	234.0	264.0	218.0	255.0	260.0	229.0	254.0	327.0	216.0	260.0	271.0	163.0	222.0	231.0	214.0	240.0	184.0	270.0	222.0	217.0	222.0	237.0	157.0	221.0	245.0	0.0	245.0	255.0	229.0	255.0	250.0	168.0	286.0	233.0	157.0	244.0	196.0	262.0	248.0	268.0	262.0	251.0	235.0	176.0	173.0	247.0	174.0	261.0	183.0	167.0	274.0	247.0	271.0	260.0	245.0	254.0	238.0	176.0	281.0	278.0	207.0	230.0	279.0	196.0	212.0	275.0	270.0	330.0	313.0	226.0	275.0	298.0	200.0	228.0	162.0	179.0	249.0	242.0	269.0	145.0
HRR227349	296.0	262.0	284.0	270.0	266.0	266.0	262.0	259.0	263.0	257.0	270.0	277.0	282.0	278.0	277.0	271.0	272.0	243.0	268.0	276.0	265.0	257.0	280.0	255.0	250.0	281.0	376.0	281.0	306.0	257.0	288.0	287.0	265.0	260.0	264.0	237.0	237.0	257.0	297.0	232.0	303.0	299.0	243.0	275.0	245.0	244.0	278.0	242.0	266.0	259.0	241.0	275.0	352.0	251.0	287.0	289.0	256.0	250.0	273.0	238.0	246.0	246.0	262.0	225.0	249.0	234.0	256.0	237.0	245.0	256.0	245.0	0.0	257.0	246.0	265.0	271.0	247.0	292.0	256.0	234.0	272.0	272.0	276.0	256.0	287.0	270.0	252.0	267.0	240.0	245.0	272.0	243.0	267.0	265.0	246.0	298.0	269.0	271.0	278.0	234.0	293.0	267.0	258.0	306.0	282.0	270.0	271.0	282.0	268.0	236.0	291.0	279.0	361.0	325.0	290.0	291.0	306.0	272.0	246.0	254.0	249.0	267.0	255.0	277.0	241.0
HRR227350	316.0	278.0	294.0	283.0	284.0	278.0	279.0	261.0	270.0	261.0	261.0	291.0	292.0	301.0	291.0	276.0	272.0	257.0	270.0	293.0	273.0	270.0	280.0	264.0	263.0	302.0	373.0	286.0	324.0	272.0	295.0	294.0	267.0	278.0	275.0	212.0	229.0	254.0	319.0	225.0	296.0	291.0	255.0	251.0	243.0	274.0	268.0	223.0	249.0	270.0	227.0	301.0	333.0	246.0	279.0	285.0	258.0	236.0	249.0	274.0	246.0	266.0	275.0	219.0	231.0	234.0	277.0	265.0	231.0	287.0	255.0	257.0	0.0	264.0	256.0	247.0	255.0	305.0	273.0	255.0	247.0	284.0	271.0	288.0	269.0	282.0	276.0	287.0	272.0	272.0	274.0	272.0	261.0	289.0	261.0	291.0	302.0	280.0	265.0	252.0	299.0	287.0	278.0	316.0	281.0	296.0	251.0	284.0	291.0	250.0	292.0	280.0	347.0	323.0	308.0	275.0	309.0	289.0	285.0	269.0	272.0	251.0	260.0	267.0	243.0
HRR227351	315.0	268.0	279.0	261.0	273.0	259.0	262.0	254.0	256.0	256.0	251.0	276.0	274.0	279.0	276.0	267.0	264.0	259.0	251.0	268.0	264.0	243.0	268.0	253.0	258.0	284.0	374.0	261.0	311.0	246.0	294.0	267.0	250.0	254.0	247.0	234.0	257.0	251.0	299.0	235.0	292.0	298.0	227.0	263.0	216.0	253.0	277.0	225.0	256.0	262.0	228.0	260.0	333.0	232.0	264.0	290.0	241.0	239.0	263.0	231.0	242.0	235.0	270.0	251.0	252.0	246.0	254.0	234.0	240.0	247.0	229.0	246.0	264.0	0.0	261.0	267.0	252.0	307.0	253.0	236.0	258.0	259.0	284.0	277.0	279.0	280.0	259.0	273.0	246.0	241.0	261.0	241.0	267.0	264.0	248.0	291.0	252.0	283.0	269.0	263.0	282.0	267.0	247.0	308.0	280.0	269.0	242.0	289.0	263.0	235.0	296.0	267.0	331.0	319.0	276.0	273.0	299.0	276.0	263.0	237.0	246.0	256.0	248.0	283.0	227.0
HRR227352	316.0	272.0	294.0	270.0	281.0	277.0	271.0	264.0	257.0	263.0	274.0	278.0	304.0	297.0	280.0	279.0	264.0	263.0	262.0	282.0	267.0	260.0	268.0	269.0	237.0	292.0	368.0	294.0	296.0	259.0	295.0	287.0	274.0	260.0	272.0	221.0	237.0	241.0	305.0	242.0	299.0	267.0	242.0	266.0	247.0	250.0	270.0	227.0	234.0	232.0	221.0	282.0	321.0	216.0	258.0	270.0	257.0	244.0	247.0	270.0	234.0	255.0	266.0	238.0	217.0	244.0	265.0	254.0	235.0	274.0	255.0	265.0	256.0	261.0	0.0	247.0	254.0	291.0	290.0	260.0	249.0	270.0	270.0	277.0	266.0	269.0	248.0	282.0	250.0	275.0	273.0	253.0	251.0	277.0	262.0	289.0	300.0	268.0	256.0	239.0	299.0	269.0	270.0	317.0	272.0	297.0	232.0	269.0	285.0	251.0	282.0	281.0	347.0	291.0	292.0	263.0	287.0	280.0	265.0	271.0	263.0	236.0	252.0	244.0	243.0
HRR227353	319.0	285.0	292.0	271.0	287.0	280.0	272.0	263.0	268.0	263.0	264.0	293.0	304.0	287.0	284.0	274.0	286.0	270.0	277.0	278.0	282.0	268.0	282.0	274.0	264.0	296.0	366.0	290.0	324.0	272.0	301.0	300.0	275.0	273.0	274.0	226.0	236.0	236.0	306.0	223.0	281.0	273.0	252.0	270.0	251.0	270.0	270.0	229.0	248.0	253.0	221.0	293.0	303.0	229.0	274.0	290.0	270.0	249.0	229.0	270.0	234.0	262.0	263.0	231.0	240.0	239.0	276.0	254.0	247.0	270.0	250.0	271.0	247.0	267.0	247.0	0.0	260.0	302.0	289.0	257.0	268.0	294.0	285.0	286.0	265.0	306.0	273.0	291.0	275.0	272.0	267.0	254.0	266.0	282.0	269.0	301.0	310.0	290.0	273.0	226.0	280.0	282.0	278.0	322.0	287.0	298.0	244.0	302.0	296.0	266.0	293.0	291.0	349.0	318.0	296.0	279.0	302.0	281.0	276.0	277.0	261.0	225.0	272.0	276.0	248.0
HRR227354	285.0	186.0	210.0	190.0	197.0	179.0	189.0	181.0	174.0	173.0	180.0	198.0	209.0	198.0	208.0	198.0	183.0	246.0	188.0	200.0	186.0	174.0	179.0	170.0	237.0	211.0	342.0	201.0	235.0	178.0	205.0	202.0	183.0	176.0	242.0	226.0	231.0	253.0	275.0	235.0	283.0	289.0	155.0	272.0	162.0	233.0	266.0	230.0	259.0	265.0	242.0	261.0	335.0	238.0	267.0	284.0	167.0	231.0	238.0	227.0	250.0	174.0	278.0	229.0	236.0	226.0	250.0	161.0	240.0	248.0	168.0	247.0	255.0	252.0	254.0	260.0	0.0	265.0	229.0	171.0	244.0	176.0	257.0	231.0	260.0	269.0	254.0	235.0	168.0	171.0	254.0	161.0	255.0	190.0	167.0	269.0	241.0	255.0	247.0	256.0	254.0	250.0	175.0	288.0	264.0	208.0	245.0	276.0	186.0	209.0	281.0	270.0	325.0	324.0	206.0	280.0	301.0	203.0	228.0	185.0	170.0	250.0	242.0	267.0	148.0
HRR227355	349.0	302.0	304.0	291.0	304.0	293.0	291.0	290.0	289.0	286.0	287.0	305.0	320.0	299.0	305.0	300.0	304.0	289.0	295.0	297.0	295.0	282.0	291.0	292.0	289.0	305.0	390.0	316.0	333.0	282.0	324.0	313.0	293.0	293.0	310.0	279.0	287.0	292.0	313.0	290.0	339.0	304.0	267.0	309.0	280.0	284.0	299.0	283.0	287.0	307.0	261.0	296.0	376.0	283.0	310.0	310.0	279.0	293.0	290.0	295.0	294.0	282.0	316.0	285.0	297.0	279.0	318.0	271.0	279.0	300.0	286.0	292.0	305.0	307.0	291.0	302.0	265.0	0.0	289.0	265.0	275.0	281.0	274.0	258.0	268.0	280.0	264.0	300.0	257.0	273.0	288.0	266.0	289.0	272.0	278.0	286.0	288.0	282.0	284.0	285.0	277.0	288.0	272.0	310.0	277.0	305.0	264.0	264.0	296.0	269.0	293.0	301.0	349.0	345.0	305.0	279.0	307.0	289.0	260.0	290.0	271.0	299.0	297.0	272.0	269.0
HRR227356	307.0	257.0	275.0	248.0	265.0	253.0	239.0	242.0	234.0	246.0	243.0	260.0	275.0	254.0	264.0	266.0	273.0	266.0	248.0	256.0	256.0	240.0	254.0	247.0	267.0	262.0	364.0	265.0	297.0	245.0	277.0	261.0	244.0	249.0	261.0	259.0	247.0	271.0	299.0	258.0	306.0	299.0	234.0	280.0	241.0	264.0	284.0	244.0	280.0	283.0	252.0	274.0	355.0	259.0	283.0	304.0	235.0	256.0	271.0	244.0	264.0	241.0	294.0	262.0	268.0	240.0	287.0	243.0	271.0	264.0	233.0	256.0	273.0	253.0	290.0	289.0	229.0	289.0	0.0	215.0	240.0	261.0	244.0	241.0	270.0	255.0	254.0	270.0	224.0	234.0	250.0	242.0	261.0	258.0	243.0	269.0	239.0	253.0	249.0	285.0	253.0	276.0	232.0	281.0	268.0	259.0	237.0	278.0	244.0	229.0	265.0	290.0	337.0	313.0	278.0	277.0	271.0	257.0	232.0	239.0	240.0	253.0	270.0	255.0	224.0
HRR227357	267.0	179.0	210.0	178.0	191.0	180.0	183.0	172.0	163.0	167.0	167.0	190.0	211.0	197.0	200.0	188.0	195.0	242.0	176.0	187.0	175.0	163.0	173.0	163.0	224.0	203.0	340.0	202.0	224.0	163.0	208.0	194.0	162.0	168.0	226.0	226.0	225.0	243.0	271.0	213.0	283.0	274.0	153.0	246.0	153.0	230.0	260.0	211.0	244.0	263.0	207.0	243.0	318.0	230.0	259.0	259.0	172.0	220.0	236.0	216.0	237.0	179.0	280.0	227.0	237.0	214.0	243.0	159.0	220.0	241.0	157.0	234.0	255.0	236.0	260.0	257.0	171.0	265.0	215.0	0.0	244.0	188.0	246.0	249.0	260.0	238.0	231.0	237.0	159.0	146.0	229.0	154.0	234.0	175.0	178.0	264.0	246.0	239.0	240.0	251.0	256.0	239.0	162.0	277.0	261.0	192.0	234.0	264.0	180.0	198.0	246.0	263.0	318.0	314.0	210.0	269.0	286.0	186.0	219.0	167.0	170.0	245.0	238.0	249.0	132.0
HRR227358	339.0	261.0	289.0	272.0	278.0	274.0	270.0	263.0	261.0	267.0	271.0	281.0	296.0	288.0	288.0	269.0	279.0	269.0	271.0	285.0	277.0	271.0	273.0	272.0	250.0	290.0	368.0	290.0	311.0	269.0	295.0	290.0	266.0	266.0	260.0	231.0	215.0	231.0	284.0	240.0	276.0	290.0	243.0	251.0	255.0	256.0	276.0	229.0	259.0	258.0	224.0	304.0	317.0	235.0	279.0	282.0	247.0	243.0	244.0	260.0	219.0	261.0	267.0	245.0	249.0	218.0	283.0	257.0	234.0	263.0	244.0	272.0	247.0	258.0	249.0	268.0	244.0	275.0	240.0	244.0	0.0	262.0	257.0	273.0	240.0	253.0	239.0	270.0	235.0	255.0	231.0	239.0	246.0	262.0	241.0	247.0	264.0	265.0	212.0	227.0	251.0	280.0	256.0	276.0	252.0	291.0	202.0	266.0	262.0	231.0	247.0	259.0	343.0	291.0	305.0	253.0	263.0	282.0	244.0	251.0	239.0	216.0	269.0	237.0	241.0
HRR227359	224.0	135.0	156.0	131.0	143.0	133.0	139.0	129.0	114.0	116.0	118.0	142.0	160.0	149.0	143.0	142.0	143.0	247.0	129.0	143.0	136.0	127.0	132.0	114.0	230.0	152.0	312.0	165.0	182.0	122.0	163.0	150.0	120.0	117.0	246.0	245.0	249.0	270.0	282.0	248.0	288.0	324.0	180.0	295.0	181.0	260.0	282.0	232.0	267.0	288.0	259.0	251.0	349.0	257.0	258.0	303.0	199.0	229.0	263.0	228.0	262.0	194.0	298.0	250.0	249.0	245.0	243.0	174.0	252.0	279.0	196.0	272.0	284.0	259.0	270.0	294.0	176.0	281.0	261.0	188.0	262.0	0.0	267.0	264.0	283.0	277.0	252.0	231.0	184.0	184.0	280.0	182.0	269.0	186.0	197.0	291.0	266.0	264.0	264.0	278.0	267.0	263.0	191.0	319.0	288.0	168.0	263.0	301.0	147.0	210.0	294.0	289.0	303.0	339.0	184.0	295.0	321.0	138.0	243.0	205.0	174.0	269.0	264.0	286.0	87.0
HRR227360	323.0	278.0	274.0	267.0	281.0	267.0	279.0	271.0	263.0	265.0	262.0	282.0	286.0	272.0	281.0	278.0	269.0	287.0	266.0	280.0	265.0	266.0	273.0	256.0	262.0	290.0	364.0	290.0	307.0	260.0	286.0	285.0	272.0	267.0	281.0	253.0	250.0	286.0	289.0	266.0	312.0	297.0	258.0	297.0	253.0	261.0	288.0	262.0	269.0	294.0	272.0	289.0	351.0	277.0	289.0	291.0	274.0	260.0	275.0	275.0	260.0	273.0	296.0	254.0	266.0	241.0	276.0	246.0	260.0	275.0	262.0	276.0	271.0	284.0	270.0	285.0	257.0	274.0	244.0	246.0	257.0	267.0	0.0	265.0	263.0	276.0	246.0	282.0	237.0	267.0	258.0	252.0	265.0	266.0	259.0	277.0	274.0	259.0	266.0	279.0	262.0	264.0	246.0	277.0	261.0	277.0	253.0	285.0	268.0	237.0	277.0	296.0	340.0	334.0	282.0	290.0	298.0	281.0	239.0	260.0	256.0	264.0	262.0	277.0	240.0
HRR227361	322.0	265.0	278.0	260.0	272.0	250.0	252.0	254.0	254.0	252.0	257.0	272.0	276.0	282.0	265.0	263.0	264.0	267.0	262.0	264.0	270.0	246.0	255.0	265.0	272.0	270.0	364.0	271.0	304.0	257.0	283.0	288.0	261.0	261.0	281.0	256.0	263.0	279.0	301.0	256.0	317.0	317.0	244.0	296.0	256.0	225.0	283.0	259.0	288.0	276.0	247.0	261.0	350.0	259.0	284.0	298.0	247.0	256.0	267.0	242.0	257.0	243.0	293.0	266.0	264.0	264.0	285.0	253.0	264.0	257.0	248.0	256.0	288.0	277.0	277.0	286.0	231.0	258.0	241.0	249.0	273.0	264.0	265.0	0.0	268.0	264.0	261.0	262.0	243.0	242.0	272.0	242.0	271.0	266.0	248.0	291.0	266.0	259.0	254.0	275.0	270.0	256.0	241.0	288.0	262.0	268.0	254.0	274.0	254.0	228.0	280.0	295.0	338.0	326.0	277.0	287.0	292.0	272.0	233.0	247.0	251.0	297.0	282.0	265.0	237.0
HRR227362	322.0	281.0	300.0	283.0	306.0	292.0	291.0	285.0	274.0	277.0	283.0	301.0	305.0	299.0	289.0	289.0	290.0	280.0	285.0	298.0	291.0	273.0	282.0	274.0	273.0	302.0	383.0	301.0	334.0	280.0	316.0	294.0	290.0	290.0	297.0	258.0	236.0	259.0	303.0	250.0	305.0	319.0	252.0	279.0	259.0	274.0	292.0	254.0	278.0	289.0	239.0	297.0	336.0	246.0	293.0	287.0	274.0	276.0	256.0	273.0	228.0	266.0	290.0	248.0	260.0	243.0	298.0	264.0	252.0	268.0	268.0	287.0	269.0	279.0	266.0	265.0	260.0	268.0	270.0	260.0	240.0	283.0	263.0	268.0	0.0	266.0	242.0	292.0	259.0	267.0	265.0	257.0	257.0	277.0	254.0	269.0	278.0	270.0	230.0	249.0	258.0	282.0	270.0	296.0	263.0	304.0	216.0	281.0	290.0	246.0	269.0	295.0	321.0	316.0	295.0	247.0	291.0	300.0	247.0	269.0	264.0	248.0	288.0	254.0	261.0
HRR227363	320.0	278.0	294.0	284.0	299.0	292.0	270.0	283.0	275.0	286.0	282.0	281.0	313.0	278.0	294.0	296.0	305.0	284.0	287.0	298.0	288.0	276.0	287.0	297.0	269.0	303.0	371.0	299.0	317.0	283.0	312.0	296.0	290.0	277.0	306.0	269.0	250.0	264.0	308.0	254.0	307.0	294.0	258.0	289.0	273.0	267.0	296.0	251.0	274.0	257.0	244.0	302.0	346.0	257.0	299.0	288.0	275.0	264.0	275.0	260.0	250.0	278.0	275.0	280.0	267.0	261.0	293.0	273.0	257.0	257.0	262.0	270.0	282.0	280.0	269.0	306.0	269.0	280.0	255.0	238.0	253.0	277.0	276.0	264.0	266.0	0.0	256.0	299.0	258.0	266.0	266.0	251.0	266.0	277.0	264.0	268.0	276.0	278.0	248.0	296.0	262.0	274.0	269.0	297.0	278.0	295.0	230.0	264.0	281.0	268.0	266.0	264.0	371.0	342.0	309.0	260.0	268.0	288.0	244.0	283.0	261.0	257.0	284.0	233.0	264.0
HRR227364	297.0	256.0	269.0	253.0	267.0	263.0	266.0	257.0	248.0	251.0	254.0	262.0	288.0	272.0	266.0	277.0	262.0	254.0	253.0	264.0	249.0	246.0	247.0	249.0	247.0	264.0	364.0	276.0	300.0	244.0	290.0	266.0	257.0	249.0	268.0	240.0	243.0	273.0	293.0	238.0	296.0	297.0	242.0	270.0	237.0	259.0	264.0	225.0	257.0	269.0	236.0	268.0	353.0	260.0	277.0	274.0	258.0	245.0	269.0	253.0	254.0	257.0	276.0	230.0	262.0	239.0	268.0	248.0	239.0	265.0	251.0	252.0	276.0	259.0	248.0	273.0	254.0	264.0	254.0	231.0	239.0	252.0	246.0	261.0	242.0	256.0	0.0	277.0	237.0	254.0	264.0	246.0	218.0	252.0	248.0	266.0	273.0	259.0	236.0	255.0	250.0	276.0	255.0	293.0	243.0	262.0	227.0	258.0	258.0	212.0	256.0	275.0	327.0	312.0	283.0	254.0	300.0	262.0	233.0	246.0	237.0	250.0	248.0	242.0	227.0
HRR227365	315.0	240.0	255.0	241.0	240.0	230.0	228.0	222.0	231.0	225.0	238.0	248.0	255.0	254.0	259.0	237.0	250.0	284.0	232.0	248.0	241.0	229.0	233.0	233.0	269.0	257.0	376.0	244.0	284.0	229.0	266.0	250.0	231.0	236.0	249.0	270.0	259.0	287.0	305.0	280.0	297.0	311.0	237.0	304.0	228.0	251.0	283.0	270.0	284.0	304.0	257.0	278.0	344.0	259.0	288.0	317.0	237.0	269.0	262.0	264.0	260.0	222.0	302.0	245.0	268.0	249.0	254.0	224.0	254.0	292.0	235.0	267.0	287.0	273.0	282.0	291.0	235.0	300.0	270.0	237.0	270.0	231.0	282.0	262.0	292.0	299.0	277.0	0.0	231.0	229.0	295.0	224.0	269.0	242.0	242.0	312.0	294.0	291.0	282.0	272.0	278.0	266.0	249.0	311.0	286.0	240.0	274.0	290.0	233.0	244.0	294.0	291.0	338.0	327.0	260.0	298.0	319.0	253.0	246.0	239.0	237.0	271.0	284.0	297.0	204.0
HRR227366	274.0	188.0	213.0	173.0	198.0	183.0	177.0	185.0	170.0	176.0	172.0	192.0	218.0	207.0	198.0	205.0	199.0	235.0	180.0	198.0	193.0	179.0	180.0	178.0	223.0	212.0	340.0	209.0	234.0	183.0	212.0	206.0	173.0	174.0	241.0	226.0	238.0	252.0	277.0	226.0	287.0	291.0	152.0	275.0	166.0	227.0	271.0	216.0	251.0	258.0	233.0	252.0	329.0	238.0	260.0	276.0	186.0	217.0	241.0	207.0	239.0	183.0	275.0	227.0	245.0	230.0	245.0	160.0	236.0	256.0	176.0	240.0	272.0	246.0	250.0	275.0	168.0	257.0	224.0	159.0	235.0	184.0	237.0	243.0	259.0	258.0	237.0	231.0	0.0	168.0	239.0	168.0	243.0	169.0	171.0	245.0	235.0	244.0	237.0	253.0	234.0	236.0	167.0	276.0	253.0	193.0	229.0	248.0	178.0	209.0	260.0	256.0	314.0	314.0	216.0	263.0	291.0	192.0	208.0	188.0	175.0	246.0	242.0	253.0	149.0
HRR227367	269.0	180.0	202.0	179.0	191.0	171.0	179.0	172.0	161.0	158.0	170.0	199.0	199.0	199.0	194.0	182.0	190.0	252.0	162.0	194.0	178.0	161.0	165.0	165.0	227.0	196.0	335.0	190.0	215.0	166.0	216.0	195.0	162.0	168.0	238.0	249.0	240.0	245.0	270.0	224.0	284.0	301.0	160.0	272.0	161.0	246.0	268.0	231.0	248.0	274.0	225.0	245.0	331.0	232.0	254.0	285.0	175.0	227.0	242.0	221.0	254.0	182.0	294.0	229.0	237.0	234.0	254.0	161.0	239.0	257.0	173.0	245.0	272.0	241.0	275.0	272.0	171.0	273.0	234.0	146.0	255.0	184.0	267.0	242.0	267.0	266.0	254.0	229.0	168.0	0.0	267.0	167.0	253.0	172.0	175.0	270.0	255.0	261.0	258.0	275.0	253.0	248.0	171.0	282.0	271.0	172.0	240.0	274.0	166.0	217.0	268.0	275.0	321.0	321.0	195.0	285.0	310.0	185.0	227.0	184.0	177.0	262.0	251.0	260.0	133.0
HRR227368	320.0	281.0	301.0	275.0	288.0	287.0	276.0	279.0	276.0	272.0	272.0	278.0	298.0	285.0	287.0	295.0	291.0	271.0	278.0	296.0	281.0	275.0	282.0	285.0	260.0	295.0	371.0	299.0	315.0	268.0	309.0	296.0	272.0	267.0	276.0	224.0	241.0	246.0	302.0	229.0	296.0	302.0	250.0	256.0	256.0	263.0	284.0	246.0	254.0	262.0	224.0	304.0	349.0	237.0	282.0	303.0	257.0	256.0	256.0	250.0	238.0	268.0	280.0	253.0	254.0	231.0	286.0	260.0	248.0	270.0	247.0	272.0	274.0	261.0	273.0	267.0	254.0	288.0	250.0	229.0	231.0	280.0	258.0	272.0	265.0	266.0	264.0	295.0	239.0	267.0	0.0	251.0	270.0	270.0	238.0	273.0	257.0	252.0	253.0	270.0	255.0	288.0	255.0	292.0	252.0	276.0	219.0	275.0	279.0	232.0	254.0	267.0	351.0	312.0	299.0	255.0	281.0	285.0	253.0	255.0	256.0	254.0	264.0	262.0	252.0
HRR227369	274.0	191.0	223.0	192.0	199.0	195.0	191.0	185.0	181.0	176.0	189.0	199.0	213.0	202.0	203.0	199.0	198.0	244.0	182.0	205.0	186.0	177.0	178.0	171.0	224.0	209.0	346.0	208.0	230.0	175.0	210.0	206.0	176.0	192.0	225.0	229.0	226.0	253.0	272.0	230.0	277.0	284.0	161.0	272.0	162.0	235.0	262.0	226.0	253.0	267.0	226.0	254.0	328.0	231.0	251.0	271.0	166.0	235.0	233.0	219.0	232.0	176.0	269.0	231.0	234.0	229.0	235.0	172.0	233.0	258.0	174.0	243.0	272.0	241.0	253.0	254.0	161.0	266.0	242.0	154.0	239.0	182.0	252.0	242.0	257.0	251.0	246.0	224.0	168.0	167.0	251.0	0.0	239.0	162.0	167.0	263.0	249.0	253.0	237.0	254.0	231.0	235.0	178.0	259.0	262.0	197.0	225.0	256.0	176.0	208.0	263.0	274.0	317.0	322.0	216.0	267.0	294.0	194.0	211.0	165.0	157.0	246.0	240.0	245.0	150.0
HRR227370	304.0	261.0	274.0	259.0	281.0	262.0	263.0	262.0	249.0	258.0	265.0	270.0	296.0	283.0	277.0	274.0	268.0	277.0	262.0	286.0	271.0	250.0	274.0	258.0	261.0	278.0	356.0	285.0	308.0	252.0	294.0	284.0	263.0	266.0	256.0	246.0	235.0	260.0	299.0	237.0	285.0	296.0	244.0	261.0	240.0	274.0	266.0	222.0	267.0	263.0	242.0	283.0	351.0	244.0	281.0	287.0	266.0	258.0	259.0	274.0	218.0	263.0	267.0	221.0	247.0	235.0	272.0	251.0	245.0	287.0	261.0	267.0	261.0	267.0	251.0	266.0	255.0	289.0	261.0	234.0	246.0	269.0	265.0	271.0	257.0	266.0	218.0	269.0	243.0	253.0	270.0	239.0	0.0	268.0	253.0	291.0	291.0	265.0	247.0	237.0	244.0	282.0	252.0	297.0	254.0	279.0	245.0	267.0	272.0	228.0	264.0	274.0	318.0	315.0	296.0	265.0	295.0	272.0	250.0	249.0	254.0	254.0	261.0	236.0	237.0
HRR227371	290.0	194.0	219.0	194.0	210.0	196.0	195.0	188.0	182.0	186.0	187.0	202.0	222.0	219.0	212.0	201.0	210.0	255.0	184.0	212.0	195.0	182.0	189.0	191.0	239.0	217.0	367.0	217.0	244.0	184.0	217.0	226.0	177.0	188.0	253.0	264.0	246.0	263.0	297.0	254.0	308.0	313.0	171.0	293.0	184.0	244.0	273.0	238.0	277.0	300.0	257.0	251.0	345.0	248.0	295.0	293.0	193.0	251.0	260.0	234.0	266.0	203.0	308.0	253.0	262.0	248.0	255.0	173.0	246.0	275.0	183.0	265.0	289.0	264.0	277.0	282.0	190.0	272.0	258.0	175.0	262.0	186.0	266.0	266.0	277.0	277.0	252.0	242.0	169.0	172.0	270.0	162.0	268.0	0.0	176.0	275.0	257.0	265.0	267.0	274.0	253.0	259.0	177.0	281.0	257.0	199.0	247.0	276.0	182.0	212.0	288.0	286.0	337.0	324.0	198.0	290.0	318.0	199.0	229.0	187.0	182.0	274.0	261.0	274.0	152.0
HRR227372	282.0	198.0	218.0	199.0	202.0	194.0	193.0	188.0	187.0	178.0	190.0	208.0	218.0	213.0	213.0	206.0	199.0	246.0	195.0	213.0	187.0	184.0	183.0	184.0	227.0	213.0	355.0	201.0	251.0	181.0	213.0	217.0	179.0	193.0	244.0	228.0	226.0	254.0	282.0	237.0	283.0	296.0	175.0	267.0	177.0	245.0	283.0	229.0	252.0	280.0	236.0	270.0	331.0	231.0	269.0	281.0	187.0	226.0	241.0	234.0	247.0	187.0	277.0	238.0	239.0	231.0	245.0	179.0	241.0	261.0	167.0	246.0	261.0	248.0	262.0	269.0	167.0	278.0	243.0	178.0	241.0	197.0	259.0	248.0	254.0	264.0	248.0	242.0	171.0	175.0	238.0	167.0	253.0	176.0	0.0	265.0	249.0	262.0	254.0	266.0	241.0	250.0	170.0	274.0	255.0	202.0	236.0	270.0	191.0	212.0	284.0	277.0	325.0	330.0	215.0	287.0	308.0	198.0	225.0	182.0	168.0	260.0	250.0	266.0	159.0
HRR227373	332.0	314.0	315.0	294.0	321.0	299.0	293.0	295.0	286.0	295.0	293.0	306.0	311.0	318.0	316.0	315.0	304.0	318.0	284.0	308.0	295.0	298.0	291.0	289.0	291.0	312.0	405.0	315.0	337.0	289.0	315.0	317.0	290.0	290.0	308.0	264.0	268.0	266.0	311.0	268.0	298.0	299.0	264.0	282.0	277.0	284.0	294.0	277.0	292.0	295.0	265.0	314.0	341.0	267.0	313.0	322.0	275.0	279.0	269.0	297.0	271.0	280.0	291.0	279.0	290.0	268.0	317.0	288.0	280.0	274.0	274.0	298.0	291.0	291.0	289.0	301.0	269.0	286.0	269.0	264.0	247.0	291.0	277.0	291.0	269.0	268.0	266.0	312.0	245.0	270.0	273.0	263.0	291.0	275.0	265.0	0.0	257.0	272.0	249.0	278.0	243.0	269.0	269.0	244.0	266.0	293.0	230.0	254.0	275.0	265.0	285.0	281.0	360.0	328.0	320.0	263.0	282.0	304.0	253.0	273.0	272.0	258.0	299.0	267.0	269.0
HRR227374	329.0	282.0	293.0	266.0	283.0	267.0	264.0	272.0	270.0	258.0	269.0	288.0	290.0	284.0	284.0	282.0	282.0	296.0	270.0	278.0	283.0	261.0	269.0	270.0	289.0	287.0	392.0	282.0	312.0	273.0	292.0	286.0	274.0	266.0	292.0	278.0	281.0	269.0	315.0	258.0	315.0	311.0	246.0	296.0	243.0	270.0	300.0	274.0	290.0	298.0	257.0	293.0	359.0	262.0	314.0	325.0	256.0	269.0	288.0	242.0	281.0	258.0	291.0	283.0	291.0	260.0	290.0	250.0	281.0	270.0	247.0	269.0	302.0	252.0	300.0	310.0	241.0	288.0	239.0	246.0	264.0	266.0	274.0	266.0	278.0	276.0	273.0	294.0	235.0	255.0	257.0	249.0	291.0	257.0	249.0	257.0	0.0	268.0	257.0	290.0	261.0	273.0	254.0	279.0	285.0	268.0	241.0	287.0	253.0	240.0	292.0	292.0	350.0	323.0	284.0	280.0	308.0	273.0	271.0	242.0	252.0	271.0	268.0	277.0	246.0
HRR227375	301.0	271.0	283.0	273.0	295.0	268.0	266.0	262.0	264.0	263.0	258.0	280.0	289.0	290.0	278.0	279.0	275.0	244.0	260.0	274.0	273.0	265.0	262.0	261.0	263.0	295.0	347.0	283.0	306.0	261.0	302.0	270.0	270.0	272.0	271.0	267.0	254.0	274.0	297.0	255.0	292.0	314.0	253.0	283.0	271.0	261.0	280.0	249.0	281.0	280.0	238.0	274.0	331.0	266.0	274.0	287.0	264.0	232.0	268.0	260.0	247.0	272.0	277.0	252.0	278.0	247.0	285.0	260.0	258.0	276.0	271.0	271.0	280.0	283.0	268.0	290.0	255.0	282.0	253.0	239.0	265.0	264.0	259.0	259.0	270.0	278.0	259.0	291.0	244.0	261.0	252.0	253.0	265.0	265.0	262.0	272.0	268.0	0.0	254.0	273.0	263.0	275.0	251.0	284.0	267.0	290.0	238.0	271.0	268.0	247.0	254.0	289.0	316.0	309.0	302.0	274.0	281.0	276.0	235.0	257.0	243.0	275.0	284.0	261.0	244.0
HRR227376	327.0	277.0	290.0	276.0	293.0	278.0	271.0	269.0	268.0	267.0	273.0	289.0	294.0	293.0	301.0	285.0	298.0	281.0	285.0	289.0	278.0	274.0	272.0	275.0	262.0	286.0	380.0	279.0	322.0	267.0	308.0	290.0	279.0	274.0	279.0	243.0	240.0	250.0	291.0	233.0	279.0	304.0	255.0	252.0	255.0	265.0	261.0	239.0	259.0	268.0	203.0	284.0	340.0	233.0	270.0	283.0	240.0	247.0	216.0	254.0	214.0	255.0	274.0	246.0	243.0	228.0	286.0	264.0	260.0	250.0	260.0	278.0	265.0	269.0	256.0	273.0	247.0	284.0	249.0	240.0	212.0	264.0	266.0	254.0	230.0	248.0	236.0	282.0	237.0	258.0	253.0	237.0	247.0	267.0	254.0	249.0	257.0	254.0	0.0	257.0	233.0	278.0	254.0	271.0	248.0	292.0	209.0	227.0	277.0	241.0	257.0	247.0	338.0	283.0	300.0	241.0	244.0	276.0	255.0	265.0	245.0	243.0	274.0	230.0	246.0
HRR227377	324.0	283.0	302.0	268.0	287.0	270.0	276.0	267.0	270.0	274.0	275.0	293.0	305.0	300.0	290.0	289.0	284.0	238.0	279.0	294.0	285.0	267.0	284.0	278.0	260.0	308.0	354.0	291.0	326.0	281.0	301.0	304.0	278.0	283.0	264.0	216.0	211.0	221.0	301.0	208.0	274.0	269.0	251.0	237.0	247.0	247.0	266.0	226.0	246.0	253.0	206.0	290.0	320.0	223.0	262.0	294.0	258.0	247.0	232.0	265.0	216.0	258.0	263.0	218.0	240.0	231.0	256.0	258.0	223.0	265.0	245.0	234.0	252.0	263.0	239.0	226.0	256.0	285.0	285.0	251.0	227.0	278.0	279.0	275.0	249.0	296.0	255.0	272.0	253.0	275.0	270.0	254.0	237.0	274.0	266.0	278.0	290.0	273.0	257.0	0.0	281.0	260.0	269.0	299.0	274.0	299.0	246.0	264.0	302.0	255.0	258.0	277.0	340.0	299.0	310.0	256.0	285.0	297.0	268.0	265.0	262.0	226.0	255.0	248.0	252.0
HRR227378	327.0	279.0	295.0	276.0	302.0	282.0	281.0	279.0	273.0	279.0	277.0	286.0	310.0	290.0	298.0	297.0	296.0	294.0	285.0	287.0	295.0	266.0	276.0	281.0	284.0	304.0	386.0	296.0	327.0	274.0	315.0	308.0	278.0	285.0	267.0	261.0	257.0	279.0	298.0	270.0	299.0	315.0	260.0	284.0	258.0	292.0	298.0	260.0	299.0	293.0	252.0	308.0	356.0	273.0	295.0	308.0	271.0	270.0	254.0	272.0	252.0	274.0	294.0	251.0	286.0	250.0	293.0	272.0	269.0	287.0	254.0	293.0	299.0	282.0	299.0	280.0	254.0	277.0	253.0	256.0	251.0	267.0	262.0	270.0	258.0	262.0	250.0	278.0	234.0	253.0	255.0	231.0	244.0	253.0	241.0	243.0	261.0	263.0	233.0	281.0	0.0	281.0	243.0	260.0	236.0	282.0	214.0	259.0	270.0	250.0	266.0	290.0	340.0	331.0	312.0	274.0	296.0	284.0	218.0	262.0	254.0	271.0	305.0	264.0	252.0
HRR227379	315.0	266.0	272.0	262.0	264.0	258.0	255.0	252.0	253.0	251.0	261.0	268.0	276.0	275.0	261.0	262.0	264.0	268.0	252.0	272.0	266.0	249.0	257.0	256.0	267.0	280.0	359.0	273.0	302.0	257.0	280.0	266.0	253.0	254.0	259.0	264.0	252.0	273.0	288.0	263.0	307.0	257.0	240.0	300.0	236.0	245.0	263.0	257.0	271.0	267.0	253.0	288.0	348.0	259.0	277.0	299.0	245.0	254.0	264.0	260.0	269.0	253.0	289.0	262.0	266.0	247.0	285.0	249.0	258.0	275.0	238.0	267.0	287.0	267.0	269.0	282.0	250.0	288.0	276.0	239.0	280.0	263.0	264.0	256.0	282.0	274.0	276.0	266.0	236.0	248.0	288.0	235.0	282.0	259.0	250.0	269.0	273.0	275.0	278.0	260.0	281.0	0.0	252.0	301.0	284.0	270.0	258.0	278.0	265.0	225.0	295.0	295.0	337.0	324.0	273.0	293.0	314.0	278.0	261.0	255.0	255.0	270.0	273.0	267.0	233.0
HRR227380	266.0	191.0	201.0	194.0	210.0	182.0	183.0	168.0	173.0	174.0	173.0	197.0	210.0	198.0	211.0	192.0	194.0	249.0	180.0	201.0	192.0	167.0	176.0	173.0	233.0	206.0	356.0	215.0	233.0	167.0	202.0	210.0	183.0	183.0	246.0	237.0	234.0	272.0	283.0	249.0	297.0	299.0	176.0	283.0	170.0	257.0	279.0	227.0	262.0	273.0	249.0	253.0	347.0	247.0	277.0	287.0	184.0	241.0	255.0	227.0	256.0	199.0	294.0	254.0	244.0	234.0	260.0	171.0	244.0	262.0	176.0	258.0	278.0	247.0	270.0	278.0	175.0	272.0	232.0	162.0	256.0	191.0	246.0	241.0	270.0	269.0	255.0	249.0	167.0	171.0	255.0	178.0	252.0	177.0	170.0	269.0	254.0	251.0	254.0	269.0	243.0	252.0	0.0	282.0	272.0	188.0	246.0	267.0	181.0	203.0	287.0	268.0	318.0	337.0	207.0	289.0	315.0	200.0	225.0	186.0	177.0	268.0	260.0	271.0	147.0
HRR227381	360.0	318.0	334.0	315.0	335.0	306.0	305.0	306.0	308.0	307.0	309.0	319.0	339.0	325.0	339.0	328.0	325.0	332.0	305.0	322.0	314.0	309.0	311.0	308.0	312.0	328.0	418.0	323.0	344.0	305.0	332.0	328.0	306.0	313.0	326.0	295.0	283.0	309.0	332.0	295.0	326.0	342.0	295.0	288.0	292.0	293.0	327.0	291.0	318.0	335.0	292.0	325.0	372.0	294.0	335.0	343.0	283.0	301.0	296.0	316.0	307.0	302.0	310.0	297.0	309.0	281.0	319.0	289.0	299.0	287.0	281.0	306.0	316.0	308.0	317.0	322.0	288.0	310.0	281.0	277.0	276.0	319.0	277.0	288.0	296.0	297.0	293.0	311.0	276.0	282.0	292.0	259.0	297.0	281.0	274.0	244.0	279.0	284.0	271.0	299.0	260.0	301.0	282.0	0.0	274.0	314.0	248.0	290.0	297.0	267.0	303.0	310.0	365.0	340.0	330.0	287.0	295.0	322.0	263.0	291.0	295.0	285.0	289.0	295.0	287.0
HRR227382	331.0	299.0	321.0	299.0	306.0	308.0	303.0	293.0	289.0	295.0	297.0	303.0	316.0	304.0	308.0	311.0	305.0	282.0	292.0	305.0	304.0	282.0	297.0	300.0	279.0	317.0	384.0	305.0	332.0	289.0	326.0	313.0	294.0	297.0	290.0	243.0	242.0	266.0	330.0	259.0	306.0	301.0	265.0	281.0	272.0	275.0	279.0	256.0	268.0	285.0	247.0	281.0	351.0	264.0	309.0	314.0	279.0	261.0	258.0	281.0	268.0	283.0	297.0	245.0	279.0	248.0	281.0	287.0	265.0	268.0	278.0	282.0	281.0	280.0	272.0	287.0	264.0	277.0	268.0	261.0	252.0	288.0	261.0	262.0	263.0	278.0	243.0	286.0	253.0	271.0	252.0	262.0	254.0	257.0	255.0	266.0	285.0	267.0	248.0	274.0	236.0	284.0	272.0	274.0	0.0	295.0	236.0	259.0	279.0	244.0	275.0	271.0	354.0	331.0	316.0	269.0	294.0	304.0	245.0	277.0	267.0	262.0	295.0	260.0	273.0
HRR227383	262.0	165.0	190.0	168.0	176.0	174.0	165.0	161.0	157.0	157.0	143.0	181.0	192.0	178.0	184.0	174.0	168.0	270.0	150.0	182.0	165.0	154.0	161.0	153.0	246.0	194.0	352.0	186.0	212.0	150.0	196.0	185.0	145.0	159.0	267.0	269.0	269.0	293.0	298.0	264.0	304.0	333.0	184.0	306.0	185.0	258.0	308.0	254.0	286.0	293.0	276.0	262.0	356.0	265.0	283.0	308.0	201.0	255.0	279.0	247.0	279.0	210.0	298.0	273.0	264.0	266.0	260.0	176.0	265.0	291.0	207.0	270.0	296.0	269.0	297.0	298.0	208.0	305.0	259.0	192.0	291.0	168.0	277.0	268.0	304.0	295.0	262.0	240.0	193.0	172.0	276.0	197.0	279.0	199.0	202.0	293.0	268.0	290.0	292.0	299.0	282.0	270.0	188.0	314.0	295.0	0.0	268.0	305.0	167.0	218.0	307.0	312.0	333.0	352.0	168.0	293.0	344.0	161.0	253.0	205.0	206.0	287.0	263.0	301.0	120.0
HRR227384	307.0	258.0	287.0	269.0	281.0	275.0	265.0	258.0	254.0	267.0	264.0	274.0	283.0	281.0	281.0	277.0	272.0	272.0	262.0	285.0	280.0	259.0	253.0	266.0	248.0	281.0	359.0	279.0	304.0	257.0	294.0	281.0	256.0	269.0	269.0	231.0	229.0	227.0	286.0	216.0	279.0	282.0	239.0	254.0	238.0	260.0	272.0	228.0	258.0	254.0	201.0	292.0	331.0	213.0	271.0	286.0	240.0	246.0	240.0	254.0	226.0	260.0	254.0	232.0	235.0	225.0	286.0	244.0	218.0	246.0	230.0	271.0	251.0	242.0	232.0	244.0	245.0	264.0	237.0	234.0	202.0	263.0	253.0	254.0	216.0	230.0	227.0	274.0	229.0	240.0	219.0	225.0	245.0	247.0	236.0	230.0	241.0	238.0	209.0	246.0	214.0	258.0	246.0	248.0	236.0	268.0	0.0	231.0	259.0	226.0	235.0	273.0	329.0	290.0	293.0	205.0	252.0	269.0	218.0	234.0	244.0	215.0	261.0	222.0	243.0
HRR227385	340.0	298.0	313.0	309.0	317.0	306.0	298.0	296.0	290.0	294.0	301.0	313.0	331.0	309.0	323.0	316.0	310.0	289.0	292.0	322.0	301.0	292.0	297.0	296.0	291.0	320.0	390.0	326.0	345.0	301.0	324.0	318.0	299.0	301.0	309.0	258.0	262.0	279.0	311.0	257.0	311.0	293.0	274.0	279.0	275.0	281.0	279.0	279.0	277.0	293.0	239.0	304.0	375.0	269.0	292.0	307.0	280.0	262.0	254.0	282.0	265.0	271.0	298.0	268.0	287.0	266.0	313.0	282.0	261.0	296.0	279.0	282.0	284.0	289.0	269.0	302.0	276.0	264.0	278.0	264.0	266.0	301.0	285.0	274.0	281.0	264.0	258.0	290.0	248.0	274.0	275.0	256.0	267.0	276.0	270.0	254.0	287.0	271.0	227.0	264.0	259.0	278.0	267.0	290.0	259.0	305.0	231.0	0.0	293.0	246.0	271.0	286.0	358.0	322.0	321.0	268.0	277.0	308.0	247.0	277.0	276.0	262.0	288.0	243.0	279.0
HRR227386	241.0	149.0	173.0	152.0	160.0	149.0	156.0	148.0	139.0	145.0	140.0	170.0	174.0	181.0	174.0	162.0	162.0	255.0	153.0	153.0	152.0	143.0	144.0	133.0	235.0	176.0	338.0	180.0	193.0	129.0	176.0	183.0	142.0	143.0	261.0	258.0	256.0	279.0	290.0	253.0	302.0	321.0	181.0	297.0	182.0	252.0	281.0	253.0	278.0	301.0	264.0	258.0	352.0	262.0	280.0	305.0	207.0	250.0	278.0	243.0	274.0	192.0	303.0	252.0	264.0	247.0	255.0	169.0	258.0	284.0	196.0	268.0	291.0	263.0	285.0	296.0	186.0	296.0	244.0	180.0	262.0	147.0	268.0	254.0	290.0	281.0	258.0	233.0	178.0	166.0	279.0	176.0	272.0	182.0	191.0	275.0	253.0	268.0	277.0	302.0	270.0	265.0	181.0	297.0	279.0	167.0	259.0	293.0	0.0	220.0	289.0	288.0	317.0	349.0	202.0	299.0	329.0	160.0	248.0	205.0	198.0	277.0	270.0	282.0	107.0
HRR227387	270.0	205.0	224.0	203.0	223.0	206.0	198.0	203.0	197.0	194.0	200.0	220.0	235.0	239.0	215.0	216.0	221.0	236.0	200.0	228.0	207.0	196.0	213.0	201.0	224.0	230.0	337.0	231.0	267.0	193.0	238.0	227.0	200.0	209.0	242.0	228.0	223.0	259.0	262.0	230.0	277.0	283.0	203.0	259.0	195.0	214.0	246.0	219.0	248.0	257.0	228.0	254.0	333.0	232.0	264.0	288.0	221.0	214.0	250.0	212.0	226.0	213.0	261.0	228.0	228.0	226.0	240.0	200.0	232.0	245.0	212.0	236.0	250.0	235.0	251.0	266.0	209.0	269.0	229.0	198.0	231.0	210.0	237.0	228.0	246.0	268.0	212.0	244.0	209.0	217.0	232.0	208.0	228.0	212.0	212.0	265.0	240.0	247.0	241.0	255.0	250.0	225.0	203.0	267.0	244.0	218.0	226.0	246.0	220.0	0.0	276.0	272.0	303.0	306.0	241.0	256.0	292.0	221.0	222.0	202.0	214.0	246.0	256.0	241.0	174.0
HRR227388	332.0	288.0	316.0	294.0	303.0	301.0	287.0	282.0	279.0	290.0	291.0	305.0	328.0	299.0	307.0	303.0	316.0	290.0	288.0	309.0	289.0	292.0	287.0	293.0	289.0	313.0	374.0	308.0	331.0	293.0	326.0	298.0	292.0	298.0	286.0	267.0	252.0	265.0	314.0	238.0	298.0	294.0	270.0	266.0	277.0	282.0	289.0	265.0	271.0	289.0	235.0	308.0	345.0	252.0	292.0	295.0	288.0	277.0	281.0	267.0	254.0	296.0	296.0	250.0	279.0	252.0	305.0	282.0	266.0	295.0	275.0	291.0	292.0	296.0	282.0	293.0	281.0	293.0	265.0	246.0	247.0	294.0	277.0	280.0	269.0	266.0	256.0	294.0	260.0	268.0	254.0	263.0	264.0	288.0	284.0	285.0	292.0	254.0	257.0	258.0	266.0	295.0	287.0	303.0	275.0	307.0	235.0	271.0	289.0	276.0	0.0	287.0	350.0	329.0	319.0	277.0	292.0	304.0	263.0	287.0	279.0	265.0	264.0	253.0	270.0
HRR227389	333.0	279.0	309.0	288.0	292.0	291.0	283.0	281.0	275.0	277.0	284.0	289.0	319.0	312.0	306.0	289.0	301.0	283.0	285.0	309.0	294.0	278.0	290.0	283.0	277.0	304.0	392.0	301.0	324.0	286.0	313.0	299.0	289.0	275.0	291.0	243.0	268.0	245.0	309.0	238.0	273.0	305.0	257.0	262.0	253.0	286.0	298.0	250.0	276.0	274.0	236.0	299.0	339.0	261.0	275.0	298.0	262.0	249.0	256.0	272.0	256.0	264.0	290.0	242.0	287.0	244.0	301.0	282.0	264.0	253.0	270.0	279.0	280.0	267.0	281.0	291.0	270.0	301.0	290.0	263.0	259.0	289.0	296.0	295.0	295.0	264.0	275.0	291.0	256.0	275.0	267.0	274.0	274.0	286.0	277.0	281.0	292.0	289.0	247.0	277.0	290.0	295.0	268.0	310.0	271.0	312.0	273.0	286.0	288.0	272.0	287.0	0.0	364.0	327.0	309.0	280.0	312.0	290.0	273.0	289.0	265.0	260.0	290.0	287.0	252.0
HRR227390	341.0	303.0	322.0	311.0	336.0	316.0	307.0	308.0	304.0	303.0	300.0	325.0	336.0	324.0	318.0	322.0	315.0	315.0	303.0	324.0	313.0	302.0	314.0	300.0	328.0	335.0	385.0	323.0	353.0	296.0	328.0	320.0	310.0	312.0	328.0	327.0	317.0	332.0	378.0	317.0	358.0	372.0	322.0	346.0	313.0	336.0	358.0	341.0	329.0	349.0	331.0	336.0	404.0	332.0	330.0	360.0	323.0	316.0	334.0	329.0	321.0	325.0	339.0	321.0	326.0	334.0	335.0	316.0	339.0	362.0	330.0	361.0	347.0	331.0	347.0	349.0	325.0	349.0	337.0	318.0	343.0	303.0	340.0	338.0	321.0	371.0	327.0	338.0	314.0	321.0	351.0	317.0	318.0	337.0	325.0	360.0	350.0	316.0	338.0	340.0	340.0	337.0	318.0	365.0	354.0	333.0	329.0	358.0	317.0	303.0	350.0	364.0	0.0	381.0	338.0	342.0	364.0	326.0	337.0	320.0	325.0	338.0	344.0	348.0	286.0
HRR227391	383.0	343.0	344.0	332.0	348.0	325.0	329.0	328.0	325.0	335.0	327.0	351.0	355.0	352.0	339.0	347.0	343.0	327.0	334.0	342.0	334.0	328.0	336.0	330.0	316.0	351.0	420.0	355.0	365.0	335.0	367.0	355.0	336.0	338.0	322.0	298.0	291.0	298.0	353.0	289.0	317.0	331.0	311.0	312.0	315.0	305.0	305.0	284.0	298.0	335.0	292.0	301.0	364.0	282.0	343.0	343.0	317.0	298.0	288.0	317.0	301.0	320.0	305.0	304.0	298.0	289.0	340.0	318.0	294.0	318.0	313.0	325.0	323.0	319.0	291.0	318.0	324.0	345.0	313.0	314.0	291.0	339.0	334.0	326.0	316.0	342.0	312.0	327.0	314.0	321.0	312.0	322.0	315.0	324.0	330.0	328.0	323.0	309.0	283.0	299.0	331.0	324.0	337.0	340.0	331.0	352.0	290.0	322.0	349.0	306.0	329.0	327.0	381.0	0.0	368.0	306.0	305.0	348.0	319.0	314.0	319.0	289.0	317.0	310.0	305.0
HRR227392	273.0	176.0	198.0	174.0	187.0	180.0	192.0	179.0	171.0	163.0	180.0	192.0	198.0	201.0	201.0	190.0	191.0	277.0	180.0	190.0	184.0	175.0	181.0	167.0	248.0	197.0	358.0	198.0	219.0	163.0	206.0	196.0	177.0	173.0	283.0	264.0	280.0	291.0	299.0	274.0	309.0	327.0	185.0	319.0	200.0	261.0	296.0	264.0	284.0	303.0	281.0	279.0	373.0	273.0	301.0	322.0	223.0	256.0	278.0	265.0	297.0	222.0	320.0	269.0	271.0	276.0	268.0	195.0	275.0	294.0	226.0	290.0	308.0	276.0	292.0	296.0	206.0	305.0	278.0	210.0	305.0	184.0	282.0	277.0	295.0	309.0	283.0	260.0	216.0	195.0	299.0	216.0	296.0	198.0	215.0	320.0	284.0	302.0	300.0	310.0	312.0	273.0	207.0	330.0	316.0	168.0	293.0	321.0	202.0	241.0	319.0	309.0	338.0	368.0	0.0	324.0	345.0	193.0	269.0	219.0	216.0	301.0	281.0	315.0	142.0
HRR227393	343.0	297.0	321.0	298.0	308.0	303.0	294.0	297.0	288.0	292.0	287.0	308.0	323.0	318.0	309.0	314.0	309.0	278.0	300.0	318.0	305.0	290.0	297.0	292.0	292.0	317.0	391.0	314.0	333.0	288.0	325.0	304.0	298.0	293.0	311.0	262.0	259.0	267.0	321.0	253.0	304.0	306.0	271.0	279.0	270.0	291.0	292.0	261.0	268.0	279.0	242.0	313.0	348.0	249.0	304.0	306.0	279.0	277.0	271.0	292.0	235.0	286.0	288.0	255.0	279.0	259.0	298.0	282.0	266.0	277.0	275.0	291.0	275.0	273.0	263.0	279.0	280.0	279.0	277.0	269.0	253.0	295.0	290.0	287.0	247.0	260.0	254.0	298.0	263.0	285.0	255.0	267.0	265.0	290.0	287.0	263.0	280.0	274.0	241.0	256.0	274.0	293.0	289.0	287.0	269.0	293.0	205.0	268.0	299.0	256.0	277.0	280.0	342.0	306.0	324.0	0.0	286.0	300.0	278.0	281.0	293.0	251.0	270.0	245.0	273.0
HRR227394	373.0	332.0	348.0	332.0	339.0	329.0	326.0	321.0	315.0	322.0	325.0	333.0	347.0	337.0	344.0	344.0	334.0	319.0	323.0	331.0	330.0	326.0	331.0	324.0	312.0	337.0	395.0	344.0	349.0	326.0	352.0	343.0	320.0	319.0	305.0	301.0	280.0	292.0	338.0	286.0	335.0	316.0	296.0	300.0	306.0	295.0	297.0	292.0	304.0	313.0	263.0	318.0	358.0	288.0	309.0	333.0	304.0	284.0	259.0	318.0	274.0	306.0	298.0	288.0	309.0	285.0	333.0	314.0	288.0	303.0	298.0	306.0	309.0	299.0	287.0	302.0	301.0	307.0	271.0	286.0	263.0	321.0	298.0	292.0	291.0	268.0	300.0	319.0	291.0	310.0	281.0	294.0	295.0	318.0	308.0	282.0	308.0	281.0	244.0	285.0	296.0	314.0	315.0	295.0	294.0	344.0	252.0	277.0	329.0	292.0	292.0	312.0	364.0	305.0	345.0	286.0	0.0	340.0	273.0	306.0	309.0	265.0	313.0	270.0	300.0
HRR227395	231.0	134.0	154.0	130.0	132.0	135.0	134.0	125.0	118.0	112.0	128.0	144.0	148.0	148.0	150.0	137.0	141.0	255.0	123.0	142.0	124.0	117.0	126.0	126.0	236.0	138.0	312.0	156.0	173.0	120.0	164.0	151.0	121.0	124.0	242.0	261.0	261.0	272.0	291.0	248.0	298.0	320.0	175.0	288.0	183.0	258.0	292.0	230.0	273.0	295.0	260.0	257.0	355.0	261.0	270.0	302.0	203.0	233.0	272.0	242.0	272.0	196.0	298.0	259.0	251.0	238.0	258.0	179.0	267.0	284.0	200.0	272.0	289.0	276.0	280.0	281.0	203.0	289.0	257.0	186.0	282.0	138.0	281.0	272.0	300.0	288.0	262.0	253.0	192.0	185.0	285.0	194.0	272.0	199.0	198.0	304.0	273.0	276.0	276.0	297.0	284.0	278.0	200.0	322.0	304.0	161.0	269.0	308.0	160.0	221.0	304.0	290.0	326.0	348.0	193.0	300.0	340.0	0.0	244.0	201.0	189.0	285.0	266.0	297.0	84.0
HRR227396	307.0	242.0	272.0	255.0	260.0	250.0	242.0	238.0	234.0	233.0	243.0	255.0	278.0	242.0	256.0	253.0	252.0	270.0	238.0	247.0	248.0	240.0	247.0	245.0	249.0	266.0	356.0	265.0	278.0	231.0	268.0	265.0	238.0	254.0	266.0	246.0	236.0	269.0	286.0	255.0	286.0	293.0	226.0	285.0	240.0	250.0	270.0	243.0	274.0	274.0	253.0	280.0	340.0	251.0	279.0	290.0	238.0	252.0	255.0	254.0	254.0	248.0	288.0	247.0	250.0	244.0	262.0	233.0	232.0	272.0	228.0	246.0	285.0	263.0	265.0	276.0	228.0	260.0	232.0	219.0	244.0	243.0	239.0	233.0	247.0	244.0	233.0	246.0	208.0	227.0	253.0	211.0	250.0	229.0	225.0	253.0	271.0	235.0	255.0	268.0	218.0	261.0	225.0	263.0	245.0	253.0	218.0	247.0	248.0	222.0	263.0	273.0	337.0	319.0	269.0	278.0	273.0	244.0	0.0	228.0	225.0	254.0	263.0	249.0	216.0
HRR227397	290.0	209.0	220.0	199.0	217.0	201.0	203.0	193.0	195.0	191.0	185.0	220.0	216.0	225.0	220.0	212.0	214.0	253.0	195.0	219.0	196.0	195.0	182.0	184.0	238.0	221.0	368.0	224.0	243.0	185.0	230.0	218.0	186.0	200.0	236.0	254.0	231.0	257.0	293.0	230.0	291.0	299.0	176.0	280.0	166.0	243.0	283.0	235.0	262.0	273.0	236.0	264.0	339.0	232.0	266.0	285.0	180.0	232.0	261.0	235.0	251.0	198.0	291.0	254.0	241.0	235.0	254.0	176.0	245.0	273.0	162.0	254.0	269.0	237.0	271.0	277.0	185.0	290.0	239.0	167.0	251.0	205.0	260.0	247.0	269.0	283.0	246.0	239.0	188.0	184.0	255.0	165.0	249.0	187.0	182.0	273.0	242.0	257.0	265.0	265.0	262.0	255.0	186.0	291.0	277.0	205.0	234.0	277.0	205.0	202.0	287.0	289.0	320.0	314.0	219.0	281.0	306.0	201.0	228.0	0.0	175.0	264.0	251.0	257.0	161.0
HRR227398	261.0	195.0	194.0	182.0	194.0	177.0	179.0	175.0	175.0	164.0	182.0	201.0	207.0	202.0	196.0	201.0	197.0	242.0	177.0	200.0	175.0	177.0	184.0	176.0	221.0	211.0	347.0	198.0	221.0	174.0	223.0	206.0	180.0	184.0	226.0	231.0	232.0	264.0	271.0	228.0	284.0	283.0	161.0	262.0	172.0	241.0	262.0	212.0	254.0	267.0	234.0	256.0	333.0	226.0	262.0	275.0	176.0	227.0	236.0	213.0	236.0	177.0	268.0	236.0	228.0	223.0	244.0	169.0	233.0	256.0	179.0	249.0	272.0	246.0	263.0	261.0	170.0	271.0	240.0	170.0	239.0	174.0	256.0	251.0	264.0	261.0	237.0	237.0	175.0	177.0	256.0	157.0	254.0	182.0	168.0	272.0	252.0	243.0	245.0	262.0	254.0	255.0	177.0	295.0	267.0	206.0	244.0	276.0	198.0	214.0	279.0	265.0	325.0	319.0	216.0	293.0	309.0	189.0	225.0	175.0	0.0	249.0	255.0	261.0	150.0
HRR227399	319.0	275.0	286.0	271.0	279.0	279.0	258.0	265.0	259.0	269.0	268.0	283.0	293.0	276.0	288.0	277.0	279.0	267.0	270.0	285.0	272.0	260.0	276.0	265.0	256.0	285.0	367.0	288.0	317.0	265.0	293.0	289.0	265.0	266.0	255.0	218.0	229.0	224.0	289.0	215.0	275.0	253.0	242.0	241.0	248.0	260.0	273.0	208.0	249.0	237.0	216.0	279.0	314.0	223.0	266.0	288.0	259.0	227.0	217.0	270.0	228.0	251.0	253.0	228.0	240.0	227.0	264.0	248.0	231.0	257.0	249.0	267.0	251.0	256.0	236.0	225.0	250.0	299.0	253.0	245.0	216.0	269.0	264.0	297.0	248.0	257.0	250.0	271.0	246.0	262.0	254.0	246.0	254.0	274.0	260.0	258.0	271.0	275.0	243.0	226.0	271.0	270.0	268.0	285.0	262.0	287.0	215.0	262.0	277.0	246.0	265.0	260.0	338.0	289.0	301.0	251.0	265.0	285.0	254.0	264.0	249.0	0.0	240.0	250.0	240.0
HRR227400	304.0	260.0	290.0	251.0	267.0	254.0	255.0	258.0	262.0	241.0	248.0	272.0	284.0	267.0	276.0	264.0	272.0	267.0	261.0	271.0	248.0	251.0	257.0	243.0	255.0	282.0	377.0	271.0	298.0	248.0	280.0	259.0	261.0	252.0	257.0	230.0	252.0	264.0	304.0	231.0	295.0	298.0	228.0	265.0	236.0	260.0	292.0	247.0	246.0	278.0	232.0	267.0	324.0	245.0	274.0	287.0	249.0	261.0	275.0	244.0	274.0	254.0	279.0	249.0	263.0	253.0	271.0	228.0	247.0	265.0	242.0	255.0	260.0	248.0	252.0	272.0	242.0	297.0	270.0	238.0	269.0	264.0	262.0	282.0	288.0	284.0	248.0	284.0	242.0	251.0	264.0	240.0	261.0	261.0	250.0	299.0	268.0	284.0	274.0	255.0	305.0	273.0	260.0	289.0	295.0	263.0	261.0	288.0	270.0	256.0	264.0	290.0	344.0	317.0	281.0	270.0	313.0	266.0	263.0	251.0	255.0	240.0	0.0	268.0	223.0
HRR227401	337.0	294.0	309.0	299.0	316.0	296.0	300.0	289.0	279.0	295.0	289.0	302.0	324.0	307.0	306.0	304.0	301.0	283.0	296.0	307.0	295.0	287.0	286.0	290.0	277.0	309.0	381.0	308.0	331.0	287.0	316.0	312.0	287.0	286.0	276.0	250.0	248.0	263.0	308.0	243.0	301.0	269.0	270.0	270.0	263.0	268.0	288.0	231.0	250.0	246.0	243.0	317.0	337.0	248.0	283.0	298.0	279.0	267.0	262.0	282.0	234.0	281.0	274.0	252.0	261.0	250.0	294.0	271.0	256.0	270.0	269.0	277.0	267.0	283.0	244.0	276.0	267.0	272.0	255.0	249.0	237.0	286.0	277.0	265.0	254.0	233.0	242.0	297.0	253.0	260.0	262.0	245.0	236.0	274.0	266.0	267.0	277.0	261.0	230.0	248.0	264.0	267.0	271.0	295.0	260.0	301.0	222.0	243.0	282.0	241.0	253.0	287.0	348.0	310.0	315.0	245.0	270.0	297.0	249.0	257.0	261.0	250.0	268.0	0.0	265.0
diploid	199.0	81.0	98.0	78.0	87.0	71.0	87.0	61.0	56.0	53.0	58.0	95.0	111.0	104.0	98.0	81.0	91.0	213.0	69.0	90.0	73.0	56.0	69.0	54.0	187.0	105.0	294.0	109.0	135.0	56.0	114.0	103.0	58.0	68.0	209.0	211.0	216.0	237.0	250.0	209.0	254.0	288.0	126.0	249.0	121.0	217.0	252.0	187.0	231.0	260.0	225.0	213.0	305.0	215.0	234.0	260.0	160.0	192.0	219.0	195.0	228.0	145.0	270.0	212.0	205.0	208.0	223.0	121.0	216.0	239.0	145.0	241.0	243.0	227.0	243.0	248.0	148.0	269.0	224.0	132.0	241.0	87.0	240.0	237.0	261.0	264.0	227.0	204.0	149.0	133.0	252.0	150.0	237.0	152.0	159.0	269.0	246.0	244.0	246.0	252.0	252.0	233.0	147.0	287.0	273.0	120.0	243.0	279.0	107.0	174.0	270.0	252.0	286.0	305.0	142.0	273.0	300.0	84.0	216.0	161.0	150.0	240.0	223.0	265.0	0.0
